customer_id,capacity,periodicity_days,scraped_date
101,150,56,2026-10-10
102,130,56,2026-10-10
103,0,,2026-10-10
104,0,,2026-10-10
105,100,165,2026-10-10
106,150,90,2026-10-10
107,200,20,2026-10-10
108,65,100,2026-10-10
109,0,,2026-10-10
110,110,70,2026-10-10
111,100,40,2026-10-10
112,200,20,2026-10-10
113,150,28,2026-10-10
114,0,,2026-10-10
115,200,45,2026-10-10
116,0,,2026-10-10
117,90,28,2026-10-10
118,55,365,2026-10-10
119,150,23,2026-10-10
120,1,365,2026-10-10
121,50,90,2026-10-10
122,300,399,2026-10-10
123,50,70,2026-10-10
124,90,50,2026-10-10
125,200,28,2026-10-10
126,200,245,2026-10-10
127,150,70,2026-10-10
128,0,,2026-10-10
129,150,365,2026-10-10
130,300,17,2026-10-10
131,300,17,2026-10-10
132,0,,2026-10-10
133,150,28,2026-10-10
134,0,,2026-10-10
135,100,180,2026-10-10
136,0,,2026-10-10
137,100,60,2026-10-10
138,50,365,2026-10-10
139,20,162,2026-10-10
140,150,21,2026-10-10
141,0,,2026-10-10
142,0,,2026-10-10
143,150,28,2026-10-10
144,0,,2026-10-10
145,65,28,2026-10-10
146,200,28,2026-10-10
147,300,28,2026-10-10
148,50,365,2026-10-10
149,110,48,2026-10-10
150,65,365,2026-10-10
151,200,45,2026-10-10
152,50,365,2026-10-10
153,56,777,2026-10-10
154,50,365,2026-10-10
155,0,,2026-10-10
156,50,365,2026-10-10
157,50,182,2026-10-10
158,150,42,2026-10-10
159,100,42,2026-10-10
160,0,,2026-10-10
161,200,22,2026-10-10
162,100,42,2026-10-10
163,100,88,2026-10-10
164,100,60,2026-10-10
165,0,,2026-10-10
166,100,483,2026-10-10
167,0,,2026-10-10
168,100,999,2026-10-10
169,150,28,2026-10-10
201,130,55,2026-10-10
202,0,,2026-10-10
204,100,56,2026-10-10
205,55,35,2026-10-10
206,100,35,2026-10-10
207,100,35,2026-10-10
208,150,35,2026-10-10
209,50,35,2026-10-10
210,55,135,2026-10-10
211,200,35,2026-10-10
212,65,35,2026-10-10
213,65,35,2026-10-10
214,110,35,2026-10-10
215,65,35,2026-10-10
216,0,,2026-10-10
217,0,,2026-10-10
218,100,70,2026-10-10
219,65,35,2026-10-10
220,0,,2026-10-10
221,65,180,2026-10-10
222,0,,2026-10-10
223,0,,2026-10-10
224,300,18,2026-10-10
225,130,35,2026-10-10
226,130,70,2026-10-10
227,200,28,2026-10-10
228,0,,2026-10-10
229,200,21,2026-10-10
230,150,28,2026-10-10
231,90,56,2026-10-10
232,150,56,2026-10-10
233,110,28,2026-10-10
234,150,21,2026-10-10
235,100,365,2026-10-10
236,0,,2026-10-10
237,50,365,2026-10-10
238,150,28,2026-10-10
239,100,28,2026-10-10
240,100,365,2026-10-10
241,150,28,2026-10-10
242,100,42,2026-10-10
243,110,168,2026-10-10
244,100,28,2026-10-10
245,0,,2026-10-10
246,150,42,2026-10-10
247,300,14,2026-10-10
248,200,21,2026-10-10
249,150,14,2026-10-10
250,95,61,2026-10-10
251,0,,2026-10-10
252,195,14,2026-10-10
253,0,,2026-10-10
254,100,112,2026-10-10
255,100,70,2026-10-10
256,0,,2026-10-10
257,150,27,2026-10-10
258,200,28,2026-10-10
259,0,,2026-10-10
260,50,28,2026-10-10
261,300,14,2026-10-10
262,300,14,2026-10-10
263,65,28,2026-10-10
264,0,,2026-10-10
265,150,28,2026-10-10
266,100,28,2026-10-10
267,150,14,2026-10-10
268,50,733,2026-10-10
269,150,28,2026-10-10
270,300,14,2026-10-10
271,0,,2026-10-10
272,0,,2026-10-10
273,150,28,2026-10-10
274,65,28,2026-10-10
275,100,180,2026-10-10
276,100,67,2026-10-10
277,100,28,2026-10-10
278,200,28,2026-10-10
279,300,40,2026-10-10
280,0,,2026-10-10
281,0,,2026-10-10
282,208,45,2026-10-10
283,0,,2026-10-10
284,90,45,2026-10-10
285,150,89,2026-10-10
286,0,,2026-10-10
287,200,21,2026-10-10
288,65,35,2026-10-10
300,300,28,2026-10-10
301,0,,2026-10-10
302,150,40,2026-10-10
303,0,,2026-10-10
304,200,21,2026-10-10
305,100,521,2026-10-10
306,0,,2026-10-10
307,100,28,2026-10-10
308,200,21,2026-10-10
309,0,,2026-10-10
310,150,21,2026-10-10
311,200,21,2026-10-10
312,50,21,2026-10-10
313,100,120,2026-10-10
314,0,,2026-10-10
315,150,21,2026-10-10
316,0,,2026-10-10
317,150,48,2026-10-10
318,115,250,2026-10-10
319,0,,2026-10-10
320,0,,2026-10-10
321,150,14,2026-10-10
322,150,14,2026-10-10
323,150,14,2026-10-10
325,300,14,2026-10-10
326,165,28,2026-10-10
327,300,21,2026-10-10
328,300,19,2026-10-10
329,200,70,2026-10-10
330,0,,2026-10-10
331,0,,2026-10-10
332,100,14,2026-10-10
333,0,,2026-10-10
334,0,,2026-10-10
335,100,60,2026-10-10
336,100,42,2026-10-10
337,300,277,2026-10-10
338,0,,2026-10-10
339,100,99,2026-10-10
340,0,,2026-10-10
341,150,140,2026-10-10
342,0,,2026-10-10
343,0,,2026-10-10
344,110,40,2026-10-10
345,50,90,2026-10-10
346,300,33,2026-10-10
347,0,,2026-10-10
348,0,,2026-10-10
349,115,40,2026-10-10
350,130,45,2026-10-10
351,65,60,2026-10-10
352,150,17,2026-10-10
353,150,28,2026-10-10
354,150,28,2026-10-10
355,150,28,2026-10-10
356,200,28,2026-10-10
357,50,356,2026-10-10
358,300,28,2026-10-10
359,50,128,2026-10-10
360,300,35,2026-10-10
361,110,28,2026-10-10
362,0,,2026-10-10
363,0,,2026-10-10
364,200,135,2026-10-10
365,150,39,2026-10-10
366,115,70,2026-10-10
367,50,356,2026-10-10
368,110,111,2026-10-10
369,0,,2026-10-10
370,250,35,2026-10-10
371,50,42,2026-10-10
372,300,200,2026-10-10
373,50,42,2026-10-10
374,115,50,2026-10-10
375,50,365,2026-10-10
376,100,56,2026-10-10
377,150,21,2026-10-10
400,0,,2026-10-10
401,300,28,2026-10-10
402,150,17,2026-10-10
403,300,41,2026-10-10
404,0,,2026-10-10
405,65,75,2026-10-10
406,50,162,2026-10-10
407,0,,2026-10-10
408,0,,2026-10-10
409,300,129,2026-10-10
410,0,,2026-10-10
411,130,28,2026-10-10
412,50,365,2026-10-10
413,2000,200,2026-10-10
414,0,,2026-10-10
415,100,365,2026-10-10
416,200,35,2026-10-10
417,300,63,2026-10-10
418,208,31,2026-10-10
419,50,,2026-10-10
420,200,42,2026-10-10
421,300,31,2026-10-10
422,150,365,2026-10-10
423,2000,28,2026-10-10
424,0,,2026-10-10
425,115,40,2026-10-10
426,150,128,2026-10-10
427,0,,2026-10-10
428,0,,2026-10-10
429,300,30,2026-10-10
430,150,22,2026-10-10
431,150,35,2026-10-10
432,150,18,2026-10-10
433,110,35,2026-10-10
434,50,28,2026-10-10
435,65,28,2026-10-10
436,50,78,2026-10-10
437,50,78,2026-10-10
438,100,70,2026-10-10
439,100,65,2026-10-10
440,0,,2026-10-10
441,0,,2026-10-10
442,215,328,2026-10-10
443,55,111,2026-10-10
444,150,35,2026-10-10
445,300,35,2026-10-10
446,200,24,2026-10-10
447,300,18,2026-10-10
500,90,35,2026-10-10
501,200,28,2026-10-10
502,200,28,2026-10-10
503,90,28,2026-10-10
504,200,28,2026-10-10
505,50,444,2026-10-10
506,100,70,2026-10-10
507,0,,2026-10-10
508,165,35,2026-10-10
509,150,35,2026-10-10
510,100,35,2026-10-10
511,195,41,2026-10-10
512,100,35,2026-10-10
513,50,365,2026-10-10
514,0,,2026-10-10
515,150,54,2026-10-10
516,0,,2026-10-10
517,50,45,2026-10-10
518,150,50,2026-10-10
519,150,51,2026-10-10
520,50,365,2026-10-10
521,130,90,2026-10-10
522,150,49,2026-10-10
523,100,49,2026-10-10
524,150,28,2026-10-10
525,115,49,2026-10-10
526,400,42,2026-10-10
527,300,56,2026-10-10
528,150,56,2026-10-10
529,200,56,2026-10-10
530,150,45,2026-10-10
531,300,88,2026-10-10
533,100,42,2026-10-10
534,150,88,2026-10-10
535,0,,2026-10-10
536,150,35,2026-10-10
537,300,49,2026-10-10
538,0,,2026-10-10
539,150,56,2026-10-10
540,200,56,2026-10-10
542,100,365,2026-10-10
543,150,54,2026-10-10
544,150,54,2026-10-10
545,150,,2026-10-10
546,0,,2026-10-10
547,165,77,2026-10-10
548,130,77,2026-10-10
549,130,395,2026-10-10
550,65,180,2026-10-10
551,165,75,2026-10-10
600,150,45,2026-10-10
601,0,,2026-10-10
602,100,180,2026-10-10
603,50,123,2026-10-10
604,0,,2026-10-10
605,100,365,2026-10-10
606,50,365,2026-10-10
607,100,365,2026-10-10
608,55,120,2026-10-10
609,0,,2026-10-10
610,200,35,2026-10-10
611,100,35,2026-10-10
612,55,200,2026-10-10
613,0,,2026-10-10
614,0,,2026-10-10
615,150,35,2026-10-10
616,0,,2026-10-10
617,200,45,2026-10-10
618,100,180,2026-10-10
620,100,365,2026-10-10
621,0,,2026-10-10
622,150,45,2026-10-10
623,50,730,2026-10-10
624,100,180,2026-10-10
700,100,79,2026-10-10
701,115,79,2026-10-10
702,0,,2026-10-10
703,110,365,2026-10-10
704,50,180,2026-10-10
705,150,35,2026-10-10
706,150,35,2026-10-10
707,150,188,2026-10-10
708,50,45,2026-10-10
709,195,180,2026-10-10
710,200,180,2026-10-10
711,130,42,2026-10-10
712,0,,2026-10-10
713,0,,2026-10-10
714,200,30,2026-10-10
715,65,35,2026-10-10
716,0,,2026-10-10
717,150,50,2026-10-10
718,0,,2026-10-10
719,0,,2026-10-10
720,150,35,2026-10-10
721,0,,2026-10-10
722,100,35,2026-10-10
723,65,70,2026-10-10
724,100,35,2026-10-10
725,200,290,2026-10-10
726,0,,2026-10-10
727,0,,2026-10-10
728,50,38,2026-10-10
729,100,365,2026-10-10
730,0,,2026-10-10
731,0,,2026-10-10
732,250,160,2026-10-10
733,150,30,2026-10-10
734,100,185,2026-10-10
800,50,365,2026-10-10
801,0,,2026-10-10
802,100,42,2026-10-10
803,300,18,2026-10-10
804,100,75,2026-10-10
805,0,,2026-10-10
806,100,365,2026-10-10
807,100,365,2026-10-10
808,0,,2026-10-10
809,50,365,2026-10-10
810,0,,2026-10-10
811,0,,2026-10-10
812,0,,2026-10-10
813,0,,2026-10-10
814,0,,2026-10-10
815,200,55,2026-10-10
816,200,49,2026-10-10
817,150,263,2026-10-10
818,0,,2026-10-10
819,100,86,2026-10-10
820,100,56,2026-10-10
821,100,49,2026-10-10
822,100,365,2026-10-10
823,250,25,2026-10-10
824,150,21,2026-10-10
825,100,365,2026-10-10
826,150,777,2026-10-10
827,150,28,2026-10-10
828,100,28,2026-10-10
829,55,211,2026-10-10
830,200,14,2026-10-10
831,0,,2026-10-10
832,100,730,2026-10-10
833,120,45,2026-10-10
834,50,42,2026-10-10
835,0,,2026-10-10
836,400,365,2026-10-10
837,150,49,2026-10-10
900,150,35,2026-10-10
901,300,35,2026-10-10
902,300,100,2026-10-10
903,300,100,2026-10-10
904,195,35,2026-10-10
905,140,175,2026-10-10
906,0,,2026-10-10
907,50,100,2026-10-10
908,0,,2026-10-10
909,100,320,2026-10-10
910,150,400,2026-10-10
911,150,90,2026-10-10
912,0,,2026-10-10
913,100,180,2026-10-10
914,0,,2026-10-10
915,0,,2026-10-10
921,130,35,2026-10-10
923,110,28,2026-10-10
924,0,,2026-10-10
925,100,365,2026-10-10
926,0,,2026-10-10
927,0,,2026-10-10
928,200,34,2026-10-10
929,0,,2026-10-10
930,100,60,2026-10-10
931,150,50,2026-10-10
932,0,,2026-10-10
933,0,,2026-10-10
934,300,14,2026-10-10
1000,0,,2026-10-10
1001,0,,2026-10-10
1002,0,,2026-10-10
1003,0,,2026-10-10
1004,0,,2026-10-10
1005,0,,2026-10-10
1006,0,,2026-10-10
1007,0,,2026-10-10
1008,0,,2026-10-10
1009,0,,2026-10-10
1010,0,,2026-10-10
1011,100,365,2026-10-10
1013,0,,2026-10-10
1014,0,,2026-10-10
1015,0,,2026-10-10
1016,0,,2026-10-10
1017,0,,2026-10-10
1018,0,,2026-10-10
1019,500,750,2026-10-10
1020,110,80,2026-10-10
1021,65,178,2026-10-10
1027,50,365,2026-10-10
1029,130,160,2026-10-10
1030,180,48,2026-10-10
1032,200,19,2026-10-10
1037,200,21,2026-10-10
1039,200,365,2026-10-10
1040,130,42,2026-10-10
1050,0,,2026-10-10
1051,0,,2026-10-10
1053,200,21,2026-10-10
1054,300,90,2026-10-10
1055,300,90,2026-10-10
1056,200,17,2026-10-10
1057,130,160,2026-10-10
1058,300,349,2026-10-10
1059,150,200,2026-10-10
1060,65,365,2026-10-10
1061,130,90,2026-10-10
1062,300,,2026-10-10
1063,110,,2026-10-10
1064,100,,2026-10-10
1066,130,160,2026-10-10
1067,130,160,2026-10-10
1068,150,48,2026-10-10
1069,150,365,2026-10-10
1070,200,14,2026-10-10
1071,110,28,2026-10-10
1072,150,48,2026-10-10
1073,65,77,2026-10-10
1074,150,48,2026-10-10
1075,200,29,2026-10-10
1076,50,21,2026-10-10
1077,208,120,2026-10-10
1078,400,28,2026-10-10
1079,200,449,2026-10-10
1080,65,343,2026-10-10
1081,55,45,2026-10-10
1082,110,65,2026-10-10
1083,100,50,2026-10-10
1084,55,120,2026-10-10
1085,150,45,2026-10-10
1086,2000,333,2026-10-10
1087,15,131,2026-10-10
1088,55,28,2026-10-10
1089,1,365,2026-10-10
1090,55,750,2026-10-10
1091,150,28,2026-10-10
1092,110,111,2026-10-10
1093,55,110,2026-10-10
1094,110,45,2026-10-10
1095,50,799,2026-10-10
1096,130,28,2026-10-10
1097,150,35,2026-10-10
1098,100,48,2026-10-10
1099,150,22,2026-10-10
1100,150,60,2026-10-10
1101,55,35,2026-10-10
1102,55,,2026-10-10
1103,150,64,2026-10-10
1104,65,735,2026-10-10
1105,75,18,2026-10-10
1106,135,55,2026-10-10
1107,55,3,2026-10-10
1109,150,35,2026-10-10
1110,200,720,2026-10-10
1111,150,364,2026-10-10
1112,55,788,2026-10-10
1113,50,35,2026-10-10
1114,40,42,2026-10-10
1115,65,365,2026-10-10
1116,65,80,2026-10-10
1117,55,351,2026-10-10
1118,150,124,2026-10-10
1119,170,28,2026-10-10
1120,55,30,2026-10-10
1121,300,365,2026-10-10
1122,200,28,2026-10-10
1123,,,2026-10-10
1124,50,299,2026-10-10
1125,500,355,2026-10-10
1126,100,49,2026-10-10
1127,200,23,2026-10-10
1128,200,75,2026-10-10
1129,150,70,2026-10-10
1130,200,45,2026-10-10
1131,56,1,2026-10-10
1132,56,1,2026-10-10
1133,150,35,2026-10-10
1134,55,45,2026-10-10
1135,150,21,2026-10-10
1136,90,27,2026-10-10
1137,300,349,2026-10-10
1138,55,60,2026-10-10
1139,55,111,2026-10-10
1140,0,,2026-10-10
1141,45,80,2026-10-10
1142,55,57,2026-10-10
1143,,,2026-10-10
1144,90,128,2026-10-10
1145,1,365,2026-10-10
1146,95,90,2026-10-10
1147,135,128,2026-10-10
1148,100,57,2026-10-10
1149,165,51,2026-10-10
1150,100,390,2026-10-10
1151,55,60,2026-10-10
1152,500,285,2026-10-10
1153,,,2026-10-10
1154,1,365,2026-10-10
1155,150,88,2026-10-10
1156,150,75,2026-10-10
1157,165,90,2026-10-10
1158,,,2026-10-10
1159,55,175,2026-10-10
1160,165,56,2026-10-10
1161,110,50,2026-10-10
1162,150,200,2026-10-10
1163,100,28,2026-10-10
1164,150,27,2026-10-10
1165,165,54,2026-10-10
1166,100,,2026-10-10
1167,,,2026-10-10
1168,150,21,2026-10-10
1169,208,365,2026-10-10
1170,50,365,2026-10-10
1171,300,20,2026-10-10
1172,175,45,2026-10-10
1173,175,34,2026-10-10
1174,3,1,2026-10-10
1175,700,333,2026-10-10
1176,150,88,2026-10-10
1177,150,90,2026-10-10
1178,170,100,2026-10-10
1179,170,75,2026-10-10
1180,170,56,2026-10-10
1181,170,60,2026-10-10
1182,170,23,2026-10-10
1183,170,63,2026-10-10
1184,65,180,2026-10-10
1185,165,40,2026-10-10
1186,55,733,2026-10-10
1187,150,27,2026-10-10
1188,150,20,2026-10-10
1189,100,160,2026-10-10
1190,150,777,2026-10-10
1191,50,125,2026-10-10
1192,165,51,2026-10-10
1193,500,365,2026-10-10
1194,50,203,2026-10-10
1195,150,13,2026-10-10
1196,275,136,2026-10-10
1197,100,79,2026-10-10
1198,100,,2026-10-10
1199,,3,2026-10-10
1200,1,365,2026-10-10
1201,100,889,2026-10-10
1202,45,28,2026-10-10
1203,90,35,2026-10-10
1204,1,30,2026-10-10
1205,200,21,2026-10-10
1206,90,75,2026-10-10
1207,110,79,2026-10-10
1208,110,2,2026-10-10
1209,50,365,2026-10-10
1210,150,48,2026-10-10
1211,200,120,2026-10-10
1212,150,45,2026-10-10
1213,75,45,2026-10-10
1214,150,28,2026-10-10
1215,150,28,2026-10-10
1216,150,60,2026-10-10
1218,100,150,2026-10-10
1219,100,21,2026-10-10
1220,150,45,2026-10-10
1223,150,28,2026-10-10
1225,45,213,2026-10-10
1227,300,28,2026-10-10
1229,5000,765,2026-10-10
1233,150,28,2026-10-10
1234,150,25,2026-10-10
1235,50,45,2026-10-10
1236,75,45,2026-10-10
1237,0,,2026-10-10
1238,150,1,2026-10-10
1239,90,54,2026-10-10
1240,55,300,2026-10-10
1241,45,30,2026-10-10
1242,50,100,2026-10-10
1243,100,28,2026-10-10
1244,100,1,2026-10-10
1245,200,733,2026-10-10
1246,150,48,2026-10-10
1247,100,35,2026-10-10
1248,100,28,2026-10-10
1249,150,30,2026-10-10
1252,100,32,2026-10-10
1254,150,365,2026-10-10
1255,250,365,2026-10-10
1256,100,365,2026-10-10
1257,55,1,2026-10-10
1258,100,365,2026-10-10
1259,55,50,2026-10-10
1260,55,999,2026-10-10
1261,55,365,2026-10-10
1262,45,999,2026-10-10
1263,100,35,2026-10-10
1264,45,45,2026-10-10
1266,55,160,2026-10-10
1267,150,120,2026-10-10
1268,100,28,2026-10-10
1269,110,31,2026-10-10
1270,50,30,2026-10-10
1271,50,180,2026-10-10
1273,300,28,2026-10-10
1274,750,333,2026-10-10
1275,50,17,2026-10-10
1276,110,60,2026-10-10
1278,275,750,2026-10-10
1280,90,28,2026-10-10
1281,100,365,2026-10-10
1284,150,365,2026-10-10
1286,200,30,2026-10-10
1287,200,30,2026-10-10
1289,45,180,2026-10-10
1291,100,28,2026-10-10
1292,275,28,2026-10-10
1293,275,90,2026-10-10
1294,100,30,2026-10-10
1296,200,57,2026-10-10
1298,150,111,2026-10-10
1299,90,28,2026-10-10
1300,100,185,2026-10-10
1302,50,999,2026-10-10
1304,150,28,2026-10-10
1305,150,121,2026-10-10
1306,150,14,2026-10-10
1307,45,28,2026-10-10
1309,200,56,2026-10-10
1310,1,365,2026-10-10
1311,1,365,2026-10-10
1312,1,365,2026-10-10
1313,45,70,2026-10-10
1314,300,56,2026-10-10
1315,55,28,2026-10-10
1316,300,12,2026-10-10
1318,150,28,2026-10-10
1319,100,28,2026-10-10
1321,55,28,2026-10-10
1322,45,28,2026-10-10
1323,150,28,2026-10-10
1324,150,28,2026-10-10
1325,100,28,2026-10-10
1326,100,28,2026-10-10
1327,15,999,2026-10-10
1328,100,28,2026-10-10
1329,100,28,2026-10-10
1330,150,365,2026-10-10
1331,100,28,2026-10-10
1332,100,28,2026-10-10
1333,100,100,2026-10-10
1334,300,28,2026-10-10
1335,50,28,2026-10-10
1336,100,21,2026-10-10
1337,55,28,2026-10-10
1338,55,14,2026-10-10
1339,55,365,2026-10-10
1340,55,365,2026-10-10
1341,55,2,2026-10-10
1342,55,5,2026-10-10
1343,55,100,2026-10-10
1344,150,28,2026-10-10
1345,150,28,2026-10-10
1346,110,28,2026-10-10
1347,100,28,2026-10-10
1348,50,28,2026-10-10
1349,100,28,2026-10-10
1350,200,14,2026-10-10
1351,100,28,2026-10-10
1352,165,21,2026-10-10
1353,300,365,2026-10-10
1354,150,100,2026-10-10
1355,200,48,2026-10-10
1356,55,28,2026-10-10
1357,110,48,2026-10-10
1358,100,28,2026-10-10
1359,150,54,2026-10-10
1360,45,999,2026-10-10
1361,110,28,2026-10-10
1362,100,160,2026-10-10
1363,100,75,2026-10-10
1364,100,28,2026-10-10
1365,1,150,2026-10-10
1366,1,28,2026-10-10
1367,3,988,2026-10-10
1368,4,28,2026-10-10
1369,100,48,2026-10-10
1370,100,28,2026-10-10
1371,55,28,2026-10-10
1372,100,50,2026-10-10
1373,150,28,2026-10-10
1374,55,48,2026-10-10
1375,150,28,2026-10-10
1376,110,28,2026-10-10
1377,100,35,2026-10-10
1378,100,38,2026-10-10
1379,110,28,2026-10-10
1380,45,128,2026-10-10
1381,100,28,2026-10-10
1382,100,26,2026-10-10
1383,100,28,2026-10-10
1384,100,28,2026-10-10
1385,100,28,2026-10-10
1386,65,28,2026-10-10
1387,55,28,2026-10-10
1388,300,14,2026-10-10
1389,55,28,2026-10-10
1390,150,28,2026-10-10
1391,100,56,2026-10-10
1392,110,28,2026-10-10
1393,110,28,2026-10-10
1394,200,28,2026-10-10
1395,110,28,2026-10-10
1396,150,17,2026-10-10
1397,55,28,2026-10-10
1398,55,28,2026-10-10
1399,55,28,2026-10-10
1400,110,28,2026-10-10
1401,90,28,2026-10-10
1402,200,21,2026-10-10
1403,100,28,2026-10-10
1404,110,28,2026-10-10
1405,100,28,2026-10-10
1406,100,28,2026-10-10
1407,35,56,2026-10-10
1408,150,28,2026-10-10
1409,55,65,2026-10-10
1410,55,175,2026-10-10
1411,300,28,2026-10-10
1412,100,28,2026-10-10
1413,55,28,2026-10-10
1414,55,28,2026-10-10
1415,55,50,2026-10-10
1416,500,365,2026-10-10
1417,150,28,2026-10-10
1418,90,28,2026-10-10
1419,275,28,2026-10-10
1420,150,28,2026-10-10
1421,150,28,2026-10-10
1422,150,28,2026-10-10
1423,50,365,2026-10-10
1424,1,365,2026-10-10
1425,1,365,2026-10-10
1426,55,21,2026-10-10
1427,150,28,2026-10-10
1428,100,28,2026-10-10
1429,100,28,2026-10-10
1430,100,65,2026-10-10
1431,100,28,2026-10-10
1432,150,28,2026-10-10
1433,100,70,2026-10-10
1434,55,28,2026-10-10
1435,55,200,2026-10-10
1436,150,28,2026-10-10
1437,50,48,2026-10-10
1438,55,56,2026-10-10
1439,55,99,2026-10-10
1440,150,28,2026-10-10
1441,55,28,2026-10-10
1442,275,365,2026-10-10
1443,110,28,2026-10-10
1444,100,120,2026-10-10
1445,110,28,2026-10-10
1446,150,1,2026-10-10
1447,55,28,2026-10-10
1448,100,28,2026-10-10
1449,55,28,2026-10-10
1450,300,281,2026-10-10
1451,110,28,2026-10-10
1452,110,28,2026-10-10
1453,110,28,2026-10-10
1454,100,56,2026-10-10
1455,150,28,2026-10-10
1456,100,36,2026-10-10
1457,55,28,2026-10-10
1458,150,28,2026-10-10
1459,110,28,2026-10-10
1460,55,123,2026-10-10
1461,55,28,2026-10-10
1462,150,28,2026-10-10
1463,50,328,2026-10-10
1464,165,75,2026-10-10
1465,55,28,2026-10-10
1466,100,28,2026-10-10
1467,100,28,2026-10-10
1468,1,160,2026-10-10
1469,1,160,2026-10-10
1470,1,999,2026-10-10
1471,100,60,2026-10-10
1472,250,28,2026-10-10
1473,110,40,2026-10-10
1474,100,28,2026-10-10
1475,55,28,2026-10-10
1476,10,999,2026-10-10
1477,10,999,2026-10-10
1478,100,28,2026-10-10
1479,50,28,2026-10-10
1480,200,40,2026-10-10
1481,200,3,2026-10-10
1482,100,3,2026-10-10
1483,55,28,2026-10-10
1484,110,28,2026-10-10
1485,150,180,2026-10-10
1486,55,28,2026-10-10
1487,55,28,2026-10-10
1488,110,365,2026-10-10
1489,110,22,2026-10-10
1490,200,28,2026-10-10
1491,110,28,2026-10-10
1492,55,28,2026-10-10
1493,55,28,2026-10-10
1494,200,28,2026-10-10
1495,200,28,2026-10-10
1496,55,28,2026-10-10
1497,150,28,2026-10-10
1498,150,58,2026-10-10
1499,100,,2026-10-10
1500,55,28,2026-10-10
1501,100,60,2026-10-10
1502,200,60,2026-10-10
1503,55,365,2026-10-10
1504,200,28,2026-10-10
1505,110,28,2026-10-10
1506,350,28,2026-10-10
1507,110,28,2026-10-10
1508,65,48,2026-10-10
1509,2000,365,2026-10-10
1510,200,28,2026-10-10
1511,55,28,2026-10-10
1512,55,29,2026-10-10
1513,45,29,2026-10-10
1514,100,28,2026-10-10
1515,150,28,2026-10-10
1516,1,30,2026-10-10
1517,200,28,2026-10-10
1518,55,28,2026-10-10
1519,55,28,2026-10-10
1520,55,28,2026-10-10
1521,1000,365,2026-10-10
1522,2500,198,2026-10-10
1523,1,1,2026-10-10
1524,1,1,2026-10-10
1525,298,28,2026-10-10
1526,298,28,2026-10-10
1527,110,56,2026-10-10
1528,55,60,2026-10-10
1529,100,28,2026-10-10
1530,110,28,2026-10-10
1531,100,28,2026-10-10
1532,100,28,2026-10-10
1533,1,365,2026-10-10
1534,100,28,2026-10-10
1535,110,28,2026-10-10
