customer_id,date,qty
102,2021-12-30,1
102,2022-08-16,1
102,2023-07-27,1
102,2023-09-05,1
102,2023-11-27,1
102,2024-06-25,1
106,2023-12-29,1
106,2024-02-13,1
106,2024-07-29,1
108,2021-11-16,1
108,2022-01-05,1
108,2022-05-12,1
108,2022-09-06,1
108,2023-01-19,1
108,2024-11-05,1
108,2025-02-18,1
110,2023-01-19,1
110,2023-05-04,1
110,2024-03-14,1
110,2025-07-22,1
112,2023-07-12,3
117,2025-07-22,1
117,2025-08-27,3
117,2026-02-22,3
118,2025-05-20,3
119,2023-02-09,1
119,2023-06-12,1
119,2024-05-30,1
121,2022-06-20,1
121,2023-11-08,3
124,2021-11-15,1
125,2022-06-08,1
125,2022-09-06,1
125,2023-02-27,1
125,2023-08-30,1
125,2023-11-27,1
125,2024-03-15,1
125,2024-06-25,1
125,2025-02-18,1
127,2022-11-28,1
127,2023-06-28,1
127,2025-05-13,3
130,2021-11-16,1
130,2023-07-18,1
130,2023-08-19,1
130,2023-09-12,2
130,2023-10-02,2
130,2023-10-20,1
130,2023-11-20,1
131,2021-11-16,1
131,2023-07-18,1
131,2023-08-19,1
131,2023-09-12,2
131,2023-09-21,1
131,2023-10-02,2
131,2023-10-20,1
131,2023-11-20,1
131,2023-12-10,1
133,2023-07-18,1
133,2023-08-01,1
133,2023-09-12,2
133,2023-10-02,2
135,2024-08-23,3
137,2021-06-14,0
137,2022-03-04,1
138,2015-08-15,2
138,2016-06-20,3
138,2021-11-16,1
138,2022-05-06,1
138,2022-10-17,1
138,2023-10-02,2
140,2023-02-27,1
140,2023-07-18,1
140,2023-08-09,1
140,2023-08-31,1
140,2023-09-21,1
140,2023-10-02,2
140,2023-10-30,3
140,2023-11-20,1
140,2023-12-06,1
140,2025-05-27,1
143,2023-04-24,3
143,2023-04-28,1
143,2023-06-08,1
143,2023-07-18,1
143,2023-08-09,1
143,2023-08-31,1
143,2023-09-21,1
143,2023-10-02,2
143,2023-10-15,3
145,2021-06-14,0
145,2023-08-07,3
147,2025-06-10,1
151,2018-12-13,3
151,2023-01-05,1
151,2024-11-26,1
151,2026-07-10,1
152,2025-07-29,3
153,2022-12-09,1
157,2024-11-14,1
158,2026-08-26,3
159,2023-11-14,1
159,2024-07-09,1
159,2024-11-05,1
159,2024-12-31,1
161,2022-06-06,3
162,2023-11-14,1
162,2024-07-09,1
162,2024-11-05,1
162,2024-12-31,1
163,2023-05-16,1
163,2023-11-14,1
163,2024-07-09,1
163,2024-12-13,1
163,2025-02-18,1
164,2022-05-07,0
164,2023-05-12,3
168,2021-11-16,1
169,2022-12-15,1
169,2023-06-29,1
169,2023-08-10,3
169,2023-10-02,2
201,2024-11-20,1
204,2022-01-21,1
204,2022-06-15,1
204,2022-11-27,1
204,2023-03-02,1
204,2024-04-03,1
204,2025-06-16,1
205,2022-01-21,1
205,2022-04-11,1
205,2022-08-05,1
205,2022-09-12,1
205,2023-03-10,3
205,2023-07-20,1
205,2024-04-03,1
205,2026-10-09,3
206,2021-12-21,1
206,2022-01-21,1
206,2022-04-11,1
206,2022-05-19,1
206,2022-06-29,1
206,2022-08-05,1
206,2022-09-12,1
206,2022-10-21,1
206,2022-11-27,1
206,2023-01-12,1
206,2023-03-02,1
206,2023-03-29,1
206,2023-04-28,1
206,2024-12-12,3
206,2025-01-03,1
206,2025-01-24,1
206,2025-05-29,3
206,2025-08-27,1
206,2026-01-23,1
207,2021-12-21,1
207,2022-01-21,1
207,2022-06-29,1
207,2022-11-27,1
207,2023-01-12,1
207,2023-03-29,1
207,2023-10-12,1
207,2024-01-05,1
207,2024-04-03,1
207,2024-07-30,1
207,2024-08-26,1
207,2025-01-24,1
207,2025-08-27,1
207,2026-02-05,1
207,2026-07-16,1
208,2021-08-10,0
208,2024-04-03,1
208,2024-07-30,1
208,2025-08-27,1
208,2025-11-14,1
208,2026-03-02,1
209,2022-12-12,1
209,2023-01-12,1
209,2024-08-26,1
209,2025-06-16,1
209,2025-08-05,1
209,2025-08-27,1
209,2025-10-02,1
209,2026-01-05,1
209,2026-02-05,1
211,2021-11-29,1
211,2023-11-15,1
211,2023-12-18,1
211,2024-03-01,1
211,2024-11-25,1
212,2022-01-26,1
212,2022-05-19,1
212,2022-06-29,1
212,2022-08-05,1
212,2022-10-21,1
212,2023-01-17,1
212,2023-06-08,1
212,2023-08-30,1
212,2023-11-15,1
212,2024-01-05,1
212,2024-05-02,1
212,2024-08-26,1
212,2024-09-23,1
212,2025-03-21,1
212,2025-06-16,1
213,2022-11-25,3
213,2025-06-17,3
214,2021-09-16,0
214,2022-06-29,1
214,2022-09-12,0
214,2024-11-25,1
214,2024-12-18,1
214,2025-05-19,1
215,2021-08-10,0
215,2024-04-03,1
215,2024-11-25,1
215,2026-09-05,1
218,2022-03-04,1
218,2022-06-29,1
218,2022-08-05,1
218,2022-10-21,1
218,2022-11-27,1
218,2023-03-02,1
218,2023-06-08,1
219,2021-11-29,1
219,2022-03-04,1
219,2022-06-29,1
219,2022-08-05,1
219,2022-09-12,1
219,2022-10-21,1
219,2023-01-17,1
219,2023-07-14,1
219,2023-11-15,1
221,2021-01-05,0
221,2022-11-07,1
224,2022-05-19,1
224,2023-06-08,1
224,2024-06-17,1
224,2024-08-26,1
224,2025-02-12,1
224,2025-04-23,1
224,2025-10-02,1
224,2026-02-17,1
224,2026-06-12,1
225,2021-01-05,0
225,2022-04-20,1
225,2022-11-27,1
225,2023-06-09,1
225,2023-10-12,1
225,2023-10-31,3
225,2023-12-18,1
225,2024-12-25,3
226,2025-01-03,1
226,2025-01-24,1
226,2026-01-05,1
227,2024-01-29,1
229,2023-05-10,3
229,2023-06-01,3
229,2023-07-03,1
229,2023-08-02,1
229,2024-07-26,1
229,2025-02-13,3
229,2025-11-18,1
231,2022-10-07,1
231,2023-02-06,1
231,2024-02-16,1
231,2024-06-13,1
231,2024-10-17,1
232,2022-01-07,1
232,2026-01-05,1
233,2024-05-29,1
233,2024-12-02,1
233,2024-12-30,1
233,2025-01-24,1
233,2025-02-13,1
233,2025-03-06,1
233,2026-02-22,3
234,2021-11-16,1
234,2021-12-16,1
234,2022-01-07,1
234,2023-05-04,1
234,2023-11-14,1
234,2025-12-18,1
234,2026-05-27,1
238,2022-06-13,1
238,2022-06-29,1
238,2022-08-18,1
238,2022-10-07,1
238,2022-12-28,1
238,2023-01-12,1
238,2023-02-06,1
238,2023-04-18,1
238,2023-05-04,1
238,2023-06-20,1
238,2023-08-25,1
238,2023-09-20,1
238,2023-11-20,1
238,2023-12-19,1
238,2024-02-16,1
238,2024-04-26,1
238,2024-05-14,1
238,2024-07-09,1
238,2024-11-18,1
238,2024-12-16,1
238,2025-01-14,1
238,2025-02-10,1
238,2025-05-07,1
238,2026-05-27,1
239,2021-10-27,1
239,2022-08-18,1
239,2023-01-12,1
239,2023-08-25,1
239,2024-10-17,3
239,2024-12-02,1
240,2020-01-23,0
241,2021-12-27,1
242,2021-11-16,1
242,2021-12-16,1
242,2022-02-17,1
242,2022-09-01,1
242,2023-01-25,1
242,2023-05-22,1
242,2023-12-19,1
242,2024-07-31,1
243,2026-10-05,2
244,2024-05-29,1
246,2022-06-13,1
246,2022-12-28,1
246,2023-02-06,3
246,2023-05-06,3
246,2024-04-30,3
246,2024-07-09,1
246,2024-11-20,1
246,2025-03-13,3
246,2025-05-19,1
246,2025-06-17,1
246,2025-07-02,1
246,2025-12-03,1
246,2025-12-30,1
248,2025-05-23,3
248,2025-12-30,0
249,2021-11-29,1
249,2022-09-12,0
249,2023-09-20,1
249,2024-04-30,1
249,2024-06-13,1
250,2021-10-27,1
250,2021-11-15,1
250,2021-12-16,1
250,2022-06-29,1
250,2022-09-12,1
250,2022-12-09,1
250,2023-01-12,1
250,2023-03-20,1
250,2023-04-04,1
250,2023-05-04,1
250,2024-02-16,1
252,2025-05-23,3
254,2021-11-15,1
254,2021-12-16,1
254,2022-01-07,1
254,2022-03-16,1
254,2022-04-07,1
254,2022-06-13,1
254,2022-09-12,1
254,2022-11-03,1
254,2022-12-09,1
254,2023-01-12,1
254,2023-02-06,1
254,2023-03-20,1
254,2023-08-09,1
254,2024-01-18,1
254,2024-02-16,1
254,2024-03-13,1
254,2024-04-30,1
254,2024-06-13,1
254,2024-11-04,1
254,2025-04-14,1
254,2026-02-18,1
255,2020-01-23,0
255,2021-11-15,1
255,2021-12-16,1
255,2022-01-07,1
255,2022-03-16,1
255,2022-04-07,1
255,2022-06-13,1
255,2022-10-13,1
255,2022-12-09,1
255,2022-12-28,1
255,2023-01-12,1
255,2023-06-08,1
255,2023-07-05,1
255,2023-08-09,1
255,2023-09-20,1
255,2023-11-20,1
255,2024-02-16,1
257,2021-11-15,1
257,2021-11-29,1
257,2021-12-16,1
257,2021-12-27,1
257,2022-01-10,1
257,2022-01-25,1
257,2022-02-17,1
257,2022-06-13,1
257,2022-07-01,1
257,2022-09-12,1
257,2022-10-09,1
257,2022-10-13,1
257,2022-11-04,1
257,2022-11-21,1
257,2023-01-17,1
258,2022-03-16,1
258,2022-05-13,1
258,2022-06-13,1
258,2022-08-03,1
258,2022-12-09,1
258,2023-01-12,1
258,2023-02-22,1
258,2023-05-22,1
258,2024-06-13,1
258,2024-10-17,3
258,2025-06-17,1
258,2025-08-25,3
258,2025-09-30,1
258,2026-01-12,1
258,2026-05-11,1
260,2021-11-15,1
260,2021-12-16,1
260,2022-01-25,1
260,2022-07-15,1
260,2022-08-03,1
260,2022-09-12,1
260,2022-10-21,3
260,2023-01-12,1
260,2024-01-29,1
260,2024-10-17,1
260,2024-10-17,3
262,2021-12-27,1
262,2023-03-06,1
262,2023-03-20,1
263,2021-12-16,1
263,2022-03-16,1
263,2022-05-13,1
263,2022-06-13,1
263,2022-12-28,1
263,2023-01-12,1
263,2023-03-20,1
263,2024-03-28,1
263,2025-05-19,1
263,2026-05-11,1
263,2026-09-15,1
265,2021-01-28,0
265,2021-11-29,1
265,2022-05-13,1
265,2022-06-29,1
265,2022-12-28,1
265,2023-02-06,1
265,2023-05-04,1
265,2023-06-08,1
265,2023-12-19,1
265,2024-03-13,1
265,2024-06-13,1
265,2024-12-02,1
265,2025-05-19,1
265,2025-06-17,1
265,2025-07-16,1
265,2025-09-30,1
265,2025-11-18,1
265,2025-12-03,1
265,2026-01-27,1
265,2026-02-04,1
265,2026-03-03,1
265,2026-03-20,1
265,2026-04-15,1
265,2026-04-29,1
265,2026-05-27,1
265,2026-06-09,1
266,2021-12-27,1
266,2022-06-13,1
266,2022-08-03,1
266,2022-11-21,1
266,2022-12-09,1
266,2022-12-28,1
266,2023-01-12,1
266,2023-02-06,1
266,2023-04-04,1
266,2023-05-04,1
266,2023-05-22,1
266,2023-06-20,1
266,2023-08-09,1
266,2023-09-20,1
266,2023-11-06,1
266,2024-01-18,1
266,2024-02-28,1
268,2022-05-31,1
268,2022-06-13,1
268,2022-11-17,1
269,2021-01-28,0
270,2021-10-18,1
270,2022-06-29,1
270,2023-11-20,1
273,2023-02-25,1
273,2023-02-27,3
273,2023-03-20,1
273,2023-04-18,1
273,2023-07-05,1
273,2023-09-20,1
273,2024-01-29,1
273,2024-02-16,1
273,2024-05-29,1
273,2024-09-30,1
273,2024-12-16,1
273,2025-01-14,1
273,2025-03-03,1
273,2025-04-22,1
273,2025-05-19,1
273,2025-07-16,1
273,2025-08-04,1
273,2026-05-11,3
273,2026-07-23,1
274,2021-11-15,1
274,2022-01-10,1
274,2022-02-17,1
274,2022-04-25,1
274,2022-05-13,1
274,2022-06-13,1
274,2022-07-15,1
274,2022-07-28,0
274,2022-08-18,1
274,2022-09-12,1
274,2022-10-13,1
274,2022-11-17,1
274,2022-12-09,1
274,2022-12-28,1
274,2023-01-12,1
274,2023-02-06,1
274,2023-03-20,1
274,2023-08-09,1
274,2025-07-02,1
274,2026-06-25,3
275,2021-12-16,1
275,2022-06-13,1
275,2023-06-08,1
275,2024-05-29,1
276,2021-11-16,1
276,2021-12-16,1
276,2022-02-17,1
276,2022-05-04,1
276,2022-07-15,1
276,2022-08-18,1
276,2022-10-07,1
276,2022-12-09,1
276,2022-12-28,1
276,2023-01-25,1
276,2023-02-22,1
276,2023-03-20,1
276,2023-07-05,1
276,2023-08-09,1
276,2023-12-19,1
276,2024-02-16,1
276,2024-06-13,1
276,2025-06-17,1
276,2025-08-04,1
276,2025-12-18,1
276,2026-01-27,1
277,2022-04-25,1
277,2022-05-13,1
277,2022-06-13,1
277,2022-07-15,1
277,2022-08-03,1
277,2022-09-12,1
277,2022-11-21,1
277,2022-12-09,1
277,2022-12-28,1
277,2023-01-12,1
277,2023-02-06,1
277,2023-03-20,1
277,2023-06-08,1
277,2023-08-09,1
278,2021-11-29,1
278,2022-06-29,1
278,2023-05-04,1
278,2023-06-20,1
278,2023-11-20,1
278,2024-05-14,1
278,2024-06-13,1
282,2024-10-22,3
282,2024-12-26,1
282,2026-04-28,3
284,2024-02-26,1
284,2024-05-08,1
284,2024-08-01,1
284,2024-11-11,1
284,2025-10-08,3
284,2026-02-03,1
285,2025-09-04,1
288,2021-12-21,1
288,2022-04-11,1
288,2023-01-12,1
288,2023-11-15,1
302,2023-02-25,3
302,2024-04-23,1
302,2025-01-29,1
304,2023-03-03,2
305,2022-11-20,1
305,2023-03-03,2
307,2023-11-03,1
307,2024-05-22,1
307,2024-06-28,1
307,2024-08-20,1
308,2024-08-20,1
308,2025-09-27,3
310,2024-07-29,1
310,2024-08-20,1
311,2022-11-27,1
311,2023-01-27,1
311,2024-08-20,1
311,2025-09-27,3
312,2017-09-07,3
312,2017-10-18,3
313,2021-11-19,1
313,2022-01-06,1
315,2025-01-31,1
315,2025-03-10,1
315,2025-05-28,3
315,2025-06-13,1
315,2025-06-25,1
315,2025-07-22,1
315,2025-10-09,1
317,2022-02-17,1
317,2022-06-22,1
317,2022-10-24,1
317,2022-12-27,1
317,2023-01-08,1
317,2023-02-21,1
317,2023-05-05,1
317,2023-06-29,1
317,2023-08-30,1
317,2023-10-18,1
317,2025-06-25,1
318,2021-12-17,1
322,2023-03-02,1
322,2023-04-24,1
322,2023-05-08,1
322,2023-06-06,1
322,2023-06-19,1
322,2023-08-07,1
322,2023-09-11,1
322,2023-10-11,1
322,2023-12-27,1
322,2024-02-08,1
322,2024-06-06,1
322,2025-02-19,1
322,2025-04-15,1
323,2022-10-24,1
323,2022-11-08,1
326,2023-07-26,1
326,2023-09-11,1
326,2023-11-08,1
326,2023-12-13,1
326,2024-01-11,1
326,2024-02-19,1
326,2024-04-29,1
326,2024-05-22,1
326,2024-09-17,1
326,2024-12-18,1
326,2025-01-16,1
326,2025-02-28,1
326,2025-07-08,1
326,2025-12-23,1
326,2026-02-10,1
326,2026-08-26,3
328,2022-10-03,1
328,2022-10-24,1
328,2022-11-07,1
328,2022-11-27,1
328,2022-12-11,1
328,2022-12-27,1
328,2023-01-08,1
328,2023-01-23,1
328,2023-02-07,1
328,2023-03-03,1
328,2023-05-08,1
329,2023-02-07,1
329,2023-03-02,1
329,2023-04-24,1
329,2023-07-26,1
329,2023-09-26,1
329,2024-03-05,1
329,2024-04-17,0
329,2024-06-06,1
329,2025-06-13,1
329,2025-08-26,1
329,2025-09-25,1
329,2026-01-27,1
332,2022-10-24,1
332,2025-06-25,1
337,2022-06-20,1
337,2023-06-04,1
337,2024-07-15,1
337,2025-05-14,3
337,2025-08-27,1
339,2021-11-10,1
339,2022-01-04,1
339,2022-07-27,1
339,2023-01-18,1
339,2023-03-13,1
339,2023-07-03,1
344,2022-11-20,1
344,2023-01-23,1
344,2023-03-13,1
344,2023-04-12,1
344,2023-06-26,1
344,2023-08-28,1
344,2023-11-16,1
344,2025-08-28,1
345,2022-01-10,1
345,2022-02-21,1
345,2022-05-04,1
345,2022-06-09,1
345,2022-10-07,1
345,2022-10-24,1
345,2022-11-07,1
345,2023-05-31,1
345,2024-03-22,1
345,2024-11-06,1
345,2025-01-31,1
345,2025-11-20,1
346,2023-02-07,1
346,2023-03-15,1
346,2024-01-24,1
349,2023-10-18,1
349,2024-05-22,1
349,2025-01-04,1
350,2023-04-12,1
350,2024-11-11,1
351,2022-12-11,1
351,2023-01-18,1
351,2023-02-21,1
351,2023-04-24,1
351,2023-06-06,1
351,2023-07-28,1
351,2023-08-22,1
351,2023-09-25,1
351,2024-04-16,1
353,2022-01-06,1
353,2025-05-30,1
353,2025-06-19,1
353,2026-01-30,3
353,2026-08-11,1
354,2023-08-22,1
354,2024-07-18,1
354,2025-08-19,1
355,2022-01-06,1
355,2023-07-03,1
355,2023-08-22,1
355,2024-07-18,1
355,2025-08-19,1
356,2022-01-28,1
356,2022-08-25,1
356,2026-01-30,3
357,2023-11-03,1
357,2023-12-27,1
358,2021-10-12,1
358,2022-01-28,1
358,2023-07-03,1
359,2024-10-20,2
359,2024-10-21,1
359,2024-12-18,1
360,2022-01-06,1
360,2023-04-27,1
360,2024-11-22,1
360,2024-12-04,1
361,2021-11-10,1
361,2025-07-08,1
365,2023-02-25,3
365,2023-04-12,1
365,2023-04-27,1
365,2023-06-26,1
365,2024-03-07,1
365,2024-12-04,1
365,2025-01-11,1
366,2022-07-27,1
367,2017-02-25,2
367,2017-05-21,1
368,2024-05-22,1
368,2024-11-06,1
371,2021-10-12,1
371,2022-01-06,1
371,2022-02-21,1
371,2022-04-29,1
371,2022-10-07,1
371,2022-11-27,1
371,2023-04-12,1
371,2023-06-29,1
371,2023-12-05,1
371,2024-03-05,1
372,2021-08-26,1
373,2021-10-12,1
373,2022-01-06,1
373,2022-02-21,1
376,2022-01-04,1
376,2022-04-13,1
376,2023-11-16,1
377,2022-11-27,1
377,2023-02-16,3
377,2023-12-27,1
377,2025-07-25,1
401,2022-06-19,0
401,2023-08-01,1
401,2024-02-08,1
401,2024-03-05,1
401,2024-04-05,1
401,2024-05-10,1
402,2023-08-01,1
402,2024-02-08,1
402,2024-03-05,1
402,2024-04-05,1
402,2024-05-10,1
403,2025-02-15,3
405,2022-01-06,1
405,2022-04-06,1
405,2023-01-17,1
405,2024-04-25,1
405,2026-01-22,1
411,2022-08-31,1
411,2023-05-02,1
415,2024-12-11,1
416,2023-05-17,3
421,2025-10-08,3
425,2025-10-21,1
425,2025-12-04,1
426,2022-01-31,1
426,2022-03-01,1
426,2022-05-05,1
429,2022-08-25,1
429,2024-04-29,1
429,2024-11-18,1
430,2022-08-25,1
430,2024-04-29,1
430,2024-11-18,1
431,2022-07-27,1
431,2024-02-20,1
431,2024-03-26,1
431,2024-06-06,1
431,2024-08-15,1
431,2024-09-23,1
431,2024-10-10,1
431,2024-12-19,1
431,2025-01-03,1
431,2025-02-11,1
431,2025-03-20,1
431,2025-04-28,1
431,2025-06-02,1
431,2025-07-07,1
431,2025-08-15,1
432,2022-01-04,1
432,2022-02-21,1
432,2023-03-03,1
432,2024-04-29,1
432,2025-04-28,1
432,2025-07-25,1
432,2026-04-08,1
432,2026-04-27,1
432,2026-05-14,1
432,2026-07-08,1
432,2026-08-11,1
433,2022-05-04,3
435,2024-02-20,1
435,2025-11-19,3
435,2025-12-16,1
436,2022-01-04,1
436,2022-12-15,1
436,2023-01-18,1
436,2023-03-23,1
436,2024-06-06,1
437,2022-01-04,1
437,2022-12-15,1
437,2023-01-18,1
437,2023-03-23,1
437,2024-06-06,1
438,2022-01-04,1
438,2022-02-21,1
438,2022-05-04,1
438,2022-06-09,1
438,2022-09-22,1
438,2023-01-18,1
439,2024-07-01,2
439,2026-08-28,1
442,2021-11-01,1
442,2021-12-08,1
442,2022-01-04,1
442,2022-02-21,1
442,2022-03-30,1
442,2022-05-04,1
442,2022-06-09,1
443,2022-01-04,1
443,2023-03-23,1
443,2025-02-11,1
444,2023-02-25,3
444,2023-03-15,1
444,2023-05-23,1
444,2023-06-19,1
444,2025-02-19,1
445,2021-12-08,1
445,2022-01-04,1
445,2022-05-04,1
445,2022-11-15,1
445,2022-12-15,1
445,2023-07-21,1
445,2024-08-15,1
445,2024-10-29,1
445,2024-12-19,1
445,2025-04-15,1
445,2025-07-07,1
445,2025-09-01,1
445,2025-11-07,1
445,2026-01-21,1
447,2026-05-28,1
503,2022-07-01,1
503,2023-08-21,3
503,2024-07-22,1
503,2024-07-23,3
505,2021-10-14,1
505,2022-08-29,1
505,2026-06-18,1
506,2019-07-11,0
506,2021-10-18,1
506,2022-03-16,1
506,2022-08-11,1
506,2022-09-21,1
506,2022-10-27,1
506,2022-11-21,1
506,2023-02-10,1
506,2023-06-27,1
506,2023-09-12,1
508,2021-10-18,1
508,2021-12-01,1
508,2022-01-03,1
508,2022-03-16,1
508,2022-06-07,1
508,2022-07-01,1
508,2022-07-31,3
508,2022-08-11,1
508,2022-09-21,1
508,2022-10-27,1
508,2022-11-21,1
508,2023-03-06,1
508,2024-12-28,1
508,2025-02-13,1
508,2025-04-04,1
508,2025-05-02,1
508,2025-05-22,1
508,2025-10-08,1
508,2025-11-24,1
508,2026-01-02,1
509,2022-02-09,1
510,2026-08-03,1
510,2026-08-26,1
510,2026-09-22,1
513,2025-04-30,2
513,2025-05-02,1
515,2021-10-18,1
515,2021-12-01,1
515,2022-01-03,1
515,2022-02-09,1
517,2021-10-04,1
517,2021-12-09,1
517,2022-02-23,1
517,2022-05-03,1
517,2022-12-08,1
517,2023-02-14,1
517,2023-06-26,1
517,2023-08-16,1
517,2023-10-13,1
517,2023-12-21,1
517,2025-12-02,1
518,2023-10-27,3
519,2023-08-16,1
519,2023-12-21,1
520,2022-06-24,0
521,2025-02-14,1
521,2026-08-03,1
523,2022-01-03,1
523,2022-12-08,1
523,2023-08-22,1
523,2025-01-09,1
523,2025-02-19,1
523,2025-10-13,1
524,2023-12-04,3
524,2024-06-09,1
524,2025-09-04,3
524,2026-01-29,1
524,2026-08-31,1
525,2021-12-09,1
525,2022-01-03,1
525,2025-07-24,1
525,2026-08-31,1
527,2021-10-18,1
527,2022-01-03,1
527,2022-11-01,1
527,2022-12-22,1
527,2023-08-22,1
527,2024-07-15,1
527,2024-08-21,1
527,2024-10-08,1
527,2024-12-01,1
527,2025-07-24,1
527,2025-10-13,1
527,2026-07-09,1
528,2022-01-03,1
528,2022-02-02,1
528,2022-06-07,1
528,2022-12-22,1
528,2023-02-10,1
528,2023-03-21,1
528,2023-12-20,3
528,2023-12-28,1
528,2024-02-05,1
528,2024-04-18,1
528,2025-01-10,1
528,2025-02-19,1
528,2025-05-05,1
528,2025-12-31,1
529,2021-10-18,1
529,2021-12-09,1
529,2022-06-07,1
529,2022-08-24,1
529,2023-08-22,1
529,2024-12-01,1
529,2025-09-04,1
529,2025-10-13,1
529,2026-08-31,1
533,2021-10-14,1
533,2022-01-03,1
533,2022-02-23,1
533,2022-04-04,1
533,2022-06-07,1
533,2022-07-14,0
534,2022-08-24,1
534,2023-04-03,1
534,2024-08-21,1
540,2024-04-17,3
540,2026-10-05,1
543,2021-10-18,1
543,2021-12-01,1
543,2022-02-09,1
543,2022-04-25,1
543,2022-07-01,1
543,2022-08-11,1
543,2022-09-21,1
543,2022-10-27,1
543,2022-11-21,1
543,2022-12-29,1
543,2023-02-10,1
543,2023-03-22,1
543,2023-05-02,1
543,2023-05-15,1
548,2023-04-03,1
548,2023-06-27,1
548,2024-02-21,1
548,2024-06-09,1
548,2024-10-16,1
548,2024-12-14,1
548,2025-05-05,1
548,2025-06-09,1
548,2025-11-10,1
548,2026-02-20,1
548,2026-04-24,1
548,2026-08-18,1
551,2024-04-23,1
600,2022-03-24,0
600,2026-02-03,1
600,2026-02-03,3
603,2024-02-27,1
608,2016-10-30,3
608,2024-04-03,3
610,2021-08-25,0
610,2023-10-27,1
610,2024-07-15,1
610,2024-12-14,1
610,2025-06-27,1
610,2025-07-15,1
610,2025-11-03,1
611,2017-08-16,3
611,2022-01-03,1
611,2022-02-23,1
611,2022-06-06,1
611,2022-06-27,3
611,2025-06-09,1
615,2022-11-17,1
617,2022-02-23,1
618,2024-01-04,1
622,2026-09-02,2
622,2026-09-12,3
624,2022-04-05,0
624,2022-04-05,1
624,2023-05-15,1
624,2025-01-09,1
700,2022-01-10,1
700,2022-08-04,1
700,2022-11-20,1
700,2023-05-31,1
700,2023-11-16,1
700,2024-04-30,1
700,2025-07-30,1
701,2021-12-29,1
701,2022-01-10,1
701,2024-07-18,1
703,2025-06-23,3
703,2025-12-17,3
703,2025-12-22,3
704,2023-01-04,1
705,2022-01-31,1
705,2022-10-12,1
705,2022-11-19,1
705,2023-02-05,1
705,2023-03-29,1
705,2023-07-20,1
705,2023-12-05,1
705,2024-02-09,1
706,2022-12-12,1
706,2023-03-01,1
707,2023-01-04,1
707,2023-03-29,1
707,2024-03-18,1
708,2022-08-23,1
708,2024-07-05,1
710,2022-12-12,1
711,2022-09-02,1
711,2022-11-02,1
711,2023-11-07,1
711,2024-07-08,1
715,2022-01-31,1
715,2022-04-05,1
715,2022-07-21,1
715,2022-12-12,1
715,2023-03-01,1
715,2024-08-01,1
716,2021-01-05,0
717,2024-03-04,1
717,2024-05-08,1
717,2024-07-08,1
720,2022-03-08,1
720,2022-05-05,1
720,2022-11-02,1
720,2022-12-12,1
720,2023-01-04,1
720,2023-03-01,1
720,2023-04-28,1
720,2023-11-07,1
720,2024-04-10,1
723,2022-06-15,1
723,2022-11-02,1
723,2022-12-12,1
724,2021-01-05,0
724,2022-01-31,1
724,2024-08-22,1
724,2024-11-15,1
724,2025-02-05,3
724,2025-03-04,1
724,2025-06-24,1
724,2025-08-12,1
724,2025-10-23,1
724,2025-11-25,1
724,2026-01-13,1
724,2026-02-03,1
725,2022-03-08,1
725,2023-03-01,2
725,2023-11-07,1
726,2016-10-18,1
728,2022-03-08,1
728,2022-10-12,1
728,2022-11-20,1
728,2022-12-12,1
729,2022-11-25,3
729,2023-11-07,3
732,2024-08-22,1
733,2023-12-04,3
733,2024-03-14,1
733,2024-06-28,1
733,2024-08-05,1
734,2025-04-10,1
734,2025-04-18,3
734,2025-05-23,1
734,2025-06-18,1
734,2026-05-13,1
734,2026-07-15,1
800,2024-06-08,2
802,2022-05-16,1
802,2022-08-05,1
802,2022-08-19,3
802,2023-05-19,3
802,2023-08-04,1
802,2024-07-30,1
802,2026-06-15,1
803,2022-12-12,1
803,2023-01-31,1
803,2023-04-28,1
803,2024-11-19,1
803,2024-12-03,1
803,2025-12-11,1
804,2022-12-21,1
804,2023-01-31,1
804,2023-03-16,1
804,2023-07-27,1
804,2023-12-20,1
804,2024-04-18,1
804,2024-06-28,1
804,2024-09-05,3
804,2024-10-22,1
807,2025-09-10,1
815,2022-06-10,1
815,2022-12-12,1
815,2025-08-25,1
815,2025-12-27,1
817,2023-12-10,3
819,2022-02-11,1
820,2022-07-06,0
820,2023-01-31,1
820,2023-10-25,1
820,2024-06-25,1
821,2023-04-28,1
821,2024-05-09,1
821,2024-12-17,1
821,2025-02-20,1
821,2025-05-12,1
822,2022-07-06,3
822,2024-11-19,1
822,2026-05-19,1
823,2024-06-25,1
824,2022-11-28,1
824,2023-04-28,1
824,2023-07-12,3
824,2024-05-09,1
824,2024-11-19,1
824,2025-05-12,1
824,2025-12-15,1
825,2023-08-24,1
825,2024-08-22,1
827,2023-08-03,3
828,2023-08-03,3
833,2022-06-10,1
833,2023-05-16,1
833,2025-06-12,1
833,2025-07-23,1
836,2022-08-16,3
900,2021-04-16,0
900,2022-03-08,1
900,2025-01-06,1
901,2023-07-18,1
901,2024-12-03,1
902,2022-09-02,1
902,2023-11-29,1
903,2023-07-18,1
904,2022-06-10,1
904,2022-09-02,1
904,2022-11-20,1
904,2023-07-18,1
904,2023-11-29,1
904,2026-05-13,1
906,2021-01-12,0
907,2021-11-12,1
907,2022-06-06,1
909,2022-09-19,1
909,2024-07-16,1
911,2025-03-05,3
911,2026-02-19,3
911,2026-07-14,1
921,2021-11-12,1
921,2021-12-22,1
923,2022-02-11,1
923,2022-07-06,1
923,2022-11-08,1
923,2023-07-18,1
923,2024-05-02,3
923,2024-06-25,1
923,2024-07-16,1
923,2024-09-24,1
923,2024-10-22,1
923,2024-12-17,1
923,2025-01-11,1
923,2025-02-20,1
923,2025-03-28,1
923,2025-04-16,1
923,2025-05-12,1
923,2025-08-25,1
923,2025-10-06,1
923,2025-12-15,1
923,2026-01-20,1
928,2023-10-29,3
930,2021-11-19,1
930,2021-12-13,1
930,2022-01-05,1
930,2022-05-11,1
930,2022-06-10,1
930,2022-07-06,1
930,2022-10-28,1
930,2022-12-21,1
930,2023-01-30,1
930,2023-03-08,1
930,2023-05-16,1
930,2023-06-21,1
930,2023-07-18,1
930,2023-09-05,1
930,2023-10-04,1
930,2024-03-14,1
930,2024-04-18,1
930,2024-06-25,1
930,2024-08-05,1
930,2024-09-24,1
930,2024-11-25,1
930,2025-04-16,1
934,2022-06-06,1
934,2024-11-27,3
934,2024-12-03,1
934,2025-04-16,1
1011,2025-06-16,2
1019,2022-11-07,1
1020,2021-10-27,1
1020,2022-01-07,1
1020,2022-05-04,1
1020,2022-07-15,1
1020,2022-12-09,1
1020,2022-12-28,1
1020,2023-02-22,1
1020,2023-03-20,1
1020,2023-07-05,1
1020,2023-09-20,1
1020,2023-12-19,1
1020,2024-12-06,3
1021,2021-11-15,1
1021,2022-06-13,1
1021,2022-12-28,1
1021,2023-07-05,1
1027,2024-06-10,1
1030,2022-01-10,1
1030,2023-05-31,1
1032,2025-06-02,1
1037,2022-07-12,1
1037,2023-03-03,2
1039,2022-06-06,1
1053,2022-08-31,1
1053,2023-05-02,1
1053,2025-04-15,1
1053,2025-07-03,1
1053,2025-09-01,1
1053,2025-10-01,1
1053,2025-10-30,1
1053,2026-01-09,1
1053,2026-05-28,1
1053,2026-06-11,1
1053,2026-07-06,1
1053,2026-08-11,1
1054,2022-02-06,1
1054,2022-03-08,1
1054,2024-02-15,1
1054,2025-06-10,3
1054,2025-07-23,1
1054,2026-05-13,1
1055,2022-02-06,1
1055,2022-03-08,1
1055,2024-02-15,1
1055,2025-06-10,3
1055,2025-07-23,1
1055,2026-05-13,1
1056,2022-11-28,1
1056,2023-04-06,1
1056,2024-12-16,1
1058,2021-06-16,3
1058,2024-08-05,1
1059,2024-06-07,1
1059,2025-06-16,1
1060,2022-02-06,1
1060,2022-06-10,3
1060,2022-12-21,1
1060,2023-01-30,1
1060,2023-03-08,1
1060,2023-07-18,1
1069,2022-05-13,1
1069,2022-06-13,1
1069,2022-07-15,1
1070,2021-12-29,1
1071,2022-12-29,1
1072,2025-01-10,1
1072,2025-02-14,1
1072,2025-03-19,1
1072,2025-05-05,1
1072,2025-06-03,1
1072,2026-01-16,1
1072,2026-04-29,1
1073,2022-10-10,1
1074,2021-11-09,1
1074,2022-01-03,1
1074,2022-02-23,1
1074,2022-04-04,1
1074,2024-02-27,1
1074,2024-05-21,1
1074,2024-07-15,1
1074,2024-08-21,1
1074,2024-10-08,1
1074,2025-01-10,1
1074,2025-03-19,1
1074,2025-05-05,1
1074,2025-06-27,1
1074,2025-09-23,1
1074,2025-10-14,3
1074,2026-02-20,3
1075,2021-10-27,1
1075,2021-11-15,1
1075,2021-11-29,1
1075,2021-12-16,1
1075,2021-12-27,1
1075,2022-01-10,1
1075,2022-01-25,1
1075,2022-02-17,1
1075,2022-03-29,1
1075,2022-05-13,1
1075,2022-06-13,1
1075,2022-08-18,1
1075,2022-09-12,1
1075,2022-11-17,1
1075,2022-11-21,3
1075,2022-12-28,1
1075,2023-07-05,1
1075,2025-03-17,1
1075,2025-05-07,1
1075,2025-05-19,1
1075,2025-12-18,1
1075,2026-04-29,1
1075,2026-05-11,3
1075,2026-06-25,3
1075,2026-07-07,1
1076,2021-10-27,2
1077,2024-12-04,1
1078,2026-03-29,3
1079,2021-11-12,3
1079,2021-12-07,3
1079,2021-12-22,1
1079,2022-09-26,1
1079,2022-11-08,1
1079,2022-12-12,1
1079,2023-06-21,1
1080,2024-06-20,1
1081,2021-12-21,1
1081,2022-01-21,1
1081,2022-03-04,1
1081,2022-05-04,3
1081,2022-05-19,1
1081,2022-06-29,1
1081,2022-07-21,3
1081,2022-11-28,1
1081,2023-03-02,1
1081,2023-06-08,1
1081,2023-07-20,1
1081,2023-10-12,1
1082,2022-05-06,1
1082,2023-10-30,1
1082,2024-01-25,1
1082,2024-06-21,0
1082,2025-03-14,1
1083,2022-04-28,1
1083,2023-03-16,1
1083,2023-05-16,1
1083,2023-06-21,1
1083,2023-08-10,1
1083,2023-10-25,1
1083,2023-12-20,1
1083,2024-02-14,1
1083,2024-04-11,1
1084,2021-11-19,3
1084,2023-06-19,1
1084,2024-06-06,1
1085,2022-04-25,1
1085,2023-05-11,1
1085,2023-07-24,1
1085,2024-05-09,1
1085,2024-08-14,1
1085,2024-12-11,1
1088,2022-02-17,1
1088,2022-04-25,1
1088,2022-07-15,1
1088,2022-08-18,1
1088,2022-10-13,1
1088,2022-11-03,1
1088,2022-11-17,1
1088,2022-12-09,1
1088,2022-12-28,1
1088,2023-01-25,1
1088,2023-03-20,1
1088,2023-08-09,1
1090,2021-12-10,3
1092,2023-04-24,1
1092,2025-04-29,1
1092,2026-01-06,1
1093,2023-08-24,1
1094,2021-12-10,3
1094,2022-08-09,1
1094,2023-09-14,3
1094,2024-12-14,1
1095,2024-09-21,0
1096,2021-12-17,3
1096,2021-12-22,1
1096,2022-10-05,1
1096,2024-02-15,1
1096,2024-05-03,1
1096,2025-12-11,1
1096,2026-02-11,1
1097,2021-12-17,3
1097,2022-01-05,1
1097,2023-04-06,1
1097,2023-08-10,1
1097,2023-10-25,1
1097,2023-12-20,1
1097,2024-04-22,1
1097,2025-09-02,1
1097,2025-12-15,1
1098,2021-12-21,3
1098,2022-09-26,1
1099,2022-09-08,1
1099,2022-11-15,1
1099,2022-12-15,1
1099,2023-02-21,1
1099,2023-05-05,1
1099,2023-06-01,1
1099,2023-07-21,1
1099,2023-10-18,1
1099,2024-02-26,1
1099,2024-06-06,1
1099,2024-07-26,1
1100,2023-07-18,1
1100,2023-08-19,1
1100,2023-09-12,2
1100,2023-09-21,1
1100,2023-10-02,2
1100,2023-10-20,1
1100,2023-10-27,3
1100,2023-11-20,1
1100,2023-12-06,1
1100,2024-02-13,1
1100,2024-04-23,1
1100,2024-05-20,1
1100,2024-08-20,1
1100,2025-11-26,1
1100,2026-02-02,1
1101,2022-02-05,3
1101,2022-03-04,1
1101,2022-05-19,1
1101,2022-11-27,1
1101,2023-01-17,1
1101,2023-03-02,1
1101,2023-04-28,1
1101,2023-07-20,1
1101,2023-08-30,1
1101,2023-10-12,1
1101,2023-11-15,1
1101,2024-01-05,1
1101,2024-02-23,1
1101,2024-04-03,1
1101,2024-06-17,1
1103,2022-02-10,3
1103,2022-04-04,1
1103,2022-04-25,1
1103,2022-06-13,1
1103,2022-08-03,1
1103,2022-10-13,1
1103,2022-11-21,1
1103,2023-01-17,1
1103,2023-06-20,1
1103,2023-08-25,1
1103,2023-09-20,1
1103,2023-12-04,1
1103,2023-12-19,1
1103,2024-01-18,1
1103,2024-07-23,1
1103,2024-10-17,1
1103,2024-11-18,1
1103,2024-12-02,1
1103,2024-12-30,1
1103,2025-02-23,1
1103,2025-04-14,1
1103,2025-05-19,1
1103,2025-06-17,1
1103,2025-08-21,1
1103,2025-09-03,1
1103,2025-09-30,1
1103,2025-11-05,1
1103,2025-12-03,1
1103,2026-02-04,1
1103,2026-04-03,1
1104,2022-02-15,3
1104,2022-04-13,3
1105,2023-03-03,1
1105,2024-04-29,1
1106,2022-11-08,0
1106,2023-01-31,1
1106,2023-03-16,1
1106,2023-05-16,1
1106,2023-08-10,1
1106,2024-09-05,1
1106,2025-09-02,1
1110,2022-04-05,1
1110,2022-05-06,0
1110,2022-07-06,1
1111,2022-04-05,1
1111,2022-06-06,1
1112,2022-04-08,1
1113,2022-04-30,3
1113,2025-02-11,1
1114,2023-02-14,1
1114,2023-11-14,1
1114,2024-07-09,1
1114,2024-11-05,1
1114,2024-12-31,1
1115,2022-04-30,3
1115,2023-07-21,1
1115,2024-08-27,3
1116,2022-05-19,3
1116,2022-11-17,1
1116,2023-02-06,1
1116,2023-12-04,1
1116,2026-06-25,3
1117,2022-06-21,3
1117,2024-08-21,3
1118,2022-06-29,1
1118,2022-07-15,1
1118,2022-08-18,1
1118,2022-09-12,0
1118,2022-09-27,1
1118,2022-10-13,1
1118,2022-11-04,1
1118,2022-12-09,1
1118,2022-12-28,1
1118,2023-01-17,1
1118,2023-02-06,1
1118,2023-02-22,1
1118,2023-04-04,1
1118,2023-05-04,1
1118,2023-06-08,1
1118,2023-07-05,1
1118,2023-08-09,1
1118,2023-12-19,1
1118,2024-03-13,1
1118,2024-08-26,1
1118,2024-10-17,1
1118,2024-11-04,1
1118,2024-12-16,1
1118,2024-12-30,1
1118,2025-03-17,1
1118,2025-04-14,1
1118,2025-05-07,1
1118,2025-06-28,1
1118,2025-09-30,1
1118,2025-12-03,1
1118,2025-12-30,1
1118,2026-02-04,1
1120,2022-06-21,0
1120,2022-06-21,3
1120,2022-10-12,1
1120,2022-12-12,1
1120,2023-03-01,2
1120,2023-03-07,3
1120,2023-04-06,2
1120,2023-04-28,2
1120,2023-05-25,1
1120,2023-11-07,2
1125,2023-08-09,1
1126,2022-06-29,3
1126,2022-10-17,1
1126,2022-12-20,1
1126,2023-06-16,3
1126,2025-02-18,1
1128,2025-07-22,1
1129,2024-04-29,1
1129,2024-05-03,3
1129,2024-12-03,1
1129,2025-09-26,1
1130,2022-07-07,3
1130,2024-11-06,1
1130,2025-01-10,3
1133,2022-07-07,3
1133,2023-01-12,3
1133,2023-02-21,1
1134,2022-07-07,3
1135,2022-07-12,3
1135,2024-04-29,1
1135,2024-09-16,3
1136,2022-07-14,3
1136,2023-07-08,3
1137,2022-09-02,1
1137,2024-12-03,1
1138,2022-08-01,3
1138,2022-10-03,1
1138,2026-02-05,3
1139,2022-08-17,1
1141,2022-08-02,3
1141,2022-09-19,1
1141,2022-11-28,1
1141,2023-03-16,1
1141,2023-06-21,1
1141,2023-10-25,1
1141,2024-02-14,1
1142,2022-08-11,3
1142,2026-05-22,3
1144,2022-08-01,3
1144,2024-11-14,1
1144,2024-12-18,1
1146,2023-06-01,3
1147,2022-08-01,3
1147,2022-08-12,1
1147,2024-12-18,1
1148,2022-08-11,3
1150,2022-08-19,1
1150,2022-11-08,1
1150,2022-12-12,1
1150,2023-03-16,1
1150,2023-06-21,1
1150,2023-09-12,1
1152,2023-08-09,1
1161,2024-09-05,1
1161,2025-03-28,1
1161,2025-04-25,3
1162,2022-09-02,3
1162,2024-12-03,1
1163,2024-06-30,3
1163,2025-11-04,1
1168,2022-12-15,1
1169,2024-07-16,1
1169,2025-07-24,2
1169,2026-06-02,3
1170,2022-09-06,3
1170,2025-09-26,1
1171,2022-09-16,3
1172,2022-09-08,3
1172,2022-11-09,3
1172,2023-05-02,1
1172,2023-05-17,1
1172,2023-09-26,1
1172,2024-01-04,1
1177,2023-01-08,1
1178,2022-10-28,1
1182,2025-03-05,1
1184,2022-10-10,1
1184,2022-10-14,1
1184,2023-02-28,1
1184,2023-09-26,1
1185,2022-10-05,3
1185,2022-11-20,1
1185,2024-10-14,1
1186,2024-10-13,0
1187,2022-10-16,3
1187,2022-10-24,3
1187,2022-11-07,1
1187,2022-11-08,1
1188,2024-05-22,1
1189,2024-12-19,2
1189,2024-12-25,3
1190,2022-10-24,3
1191,2024-05-20,1
1191,2025-04-17,1
1191,2026-01-28,3
1192,2024-08-01,1
1192,2025-07-22,1
1193,2022-11-21,1
1195,2022-11-29,3
1195,2024-11-22,1
1195,2025-08-28,1
1197,2022-12-09,3
1197,2023-03-15,1
1197,2023-04-24,1
1197,2024-09-13,1
1199,2022-12-22,1
1200,2024-04-19,0
1200,2024-09-06,0
1202,2022-12-20,3
1202,2023-01-08,1
1202,2023-04-24,1
1202,2023-05-31,1
1202,2023-12-13,1
1202,2026-07-29,1
1203,2022-12-20,3
1203,2024-06-28,1
1203,2024-07-29,1
1204,2024-08-07,2
1204,2024-08-08,1
1204,2024-09-18,1
1204,2025-11-18,1
1204,2025-11-24,1
1204,2026-04-29,1
1204,2026-05-13,1
1204,2026-08-18,1
1204,2026-08-19,1
1205,2023-01-09,3
1205,2023-03-08,1
1205,2023-07-18,1
1205,2024-01-09,1
1205,2024-03-14,1
1205,2024-03-25,1
1205,2024-05-03,1
1205,2026-03-04,1
1205,2026-05-13,1
1206,2023-01-07,3
1206,2024-12-11,1
1207,2023-01-19,3
1207,2023-03-03,1
1207,2023-05-05,1
1207,2023-11-08,1
1207,2024-04-16,1
1207,2024-07-26,1
1210,2026-08-07,2
1211,2023-01-27,3
1211,2023-02-18,3
1211,2023-03-03,2
1211,2023-03-22,2
1211,2023-03-26,3
1211,2024-02-08,1
1211,2025-08-26,1
1214,2023-01-29,3
1215,2023-01-29,3
1216,2023-02-03,3
1216,2023-02-21,1
1216,2023-09-26,1
1216,2024-12-04,1
1218,2023-02-13,3
1219,2023-11-15,1
1219,2023-12-18,1
1219,2026-02-16,3
1220,2023-02-11,3
1220,2023-05-23,1
1220,2023-06-06,1
1220,2023-07-03,1
1220,2024-01-11,1
1220,2024-04-29,1
1220,2025-05-15,1
1223,2023-02-16,3
1223,2023-05-04,1
1223,2023-06-20,1
1223,2024-05-29,1
1225,2023-02-16,3
1225,2023-04-04,1
1225,2023-05-04,1
1225,2023-06-06,1
1225,2023-07-03,1
1225,2023-08-30,1
1225,2024-04-26,1
1225,2025-02-12,3
1227,2023-02-16,3
1233,2023-02-24,3
1233,2024-01-25,1
1233,2024-05-09,1
1233,2025-04-16,1
1233,2025-09-02,1
1234,2023-02-24,3
1234,2023-03-01,1
1234,2023-11-30,3
1234,2024-05-03,1
1234,2024-12-03,1
1235,2023-05-02,1
1235,2023-05-17,1
1235,2023-09-26,1
1235,2024-01-04,1
1236,2023-05-02,1
1236,2023-05-17,1
1236,2023-09-26,1
1236,2024-01-04,1
1239,2023-03-09,3
1239,2023-09-20,3
1239,2024-02-29,1
1239,2025-02-19,3
1241,2023-03-12,3
1242,2023-03-10,3
1242,2023-03-22,1
1242,2023-04-11,1
1242,2023-05-11,1
1242,2023-07-24,1
1242,2023-07-31,3
1242,2024-07-23,3
1242,2026-01-02,1
1242,2026-08-26,1
1246,2023-04-06,3
1246,2025-05-05,1
1246,2025-06-03,1
1246,2025-08-13,1
1246,2025-09-04,1
1246,2026-08-31,1
1247,2024-04-22,3
1247,2024-08-02,1
1247,2025-08-01,1
1248,2023-05-12,3
1248,2024-12-20,3
1248,2026-05-28,1
1248,2026-09-17,1
1249,2023-05-11,3
1249,2024-08-07,3
1249,2026-06-19,1
1252,2023-05-19,3
1252,2024-02-15,1
1252,2024-09-26,1
1258,2023-06-21,1
1258,2023-08-04,1
1258,2023-09-21,1
1259,2023-06-06,3
1259,2023-08-31,3
1259,2024-11-18,1
1262,2024-04-25,1
1262,2024-05-29,1
1262,2024-06-27,1
1262,2024-07-23,1
1262,2024-09-30,1
1262,2024-11-18,1
1264,2023-06-04,3
1264,2024-02-06,1
1264,2025-06-27,1
1266,2024-10-04,3
1267,2023-06-24,3
1267,2023-11-15,1
1267,2024-01-29,1
1267,2024-03-01,1
1267,2024-04-03,1
1267,2024-07-30,0
1267,2024-08-26,1
1269,2023-07-24,3
1273,2023-08-07,1
1273,2023-08-28,1
1273,2023-09-26,1
1273,2024-06-17,1
1273,2024-07-29,1
1273,2025-01-31,1
1273,2025-04-02,1
1273,2025-05-15,1
1273,2025-06-25,1
1273,2025-09-09,1
1273,2025-10-23,1
1273,2025-11-04,1
1273,2025-11-20,1
1273,2025-12-23,1
1273,2026-01-08,1
1275,2024-04-22,1
1275,2024-09-18,1
1275,2024-10-24,1
1275,2024-12-17,1
1276,2023-08-22,3
1276,2025-11-28,1
1278,2023-10-04,1
1280,2023-09-13,3
1280,2024-01-04,1
1280,2026-03-23,1
1286,2023-09-25,3
1286,2023-11-03,1
1286,2024-06-28,1
1287,2023-09-25,1
1287,2023-11-03,1
1287,2024-05-22,1
1287,2024-06-28,1
1287,2024-08-20,1
1289,2023-10-07,3
1289,2024-11-26,1
1291,2023-11-08,1
1291,2024-03-05,1
1291,2024-05-22,1
1291,2024-11-11,1
1293,2023-12-12,1
1293,2024-09-02,1
1294,2023-10-31,3
1294,2025-04-17,1
1294,2025-12-09,1
1298,2023-11-11,3
1298,2023-12-05,1
1298,2024-04-30,1
1298,2025-08-28,1
1299,2023-12-31,3
1299,2024-04-09,3
1299,2025-03-03,1
1300,2023-12-14,3
1304,2023-12-22,3
1304,2024-02-06,1
1304,2024-04-01,1
1304,2024-04-22,1
1305,2023-12-22,3
1305,2024-02-06,1
1305,2024-04-01,1
1305,2024-04-22,1
1305,2024-06-25,1
1305,2024-08-05,1
1305,2024-09-02,1
1306,2024-01-04,3
1306,2024-01-27,3
1307,2024-01-29,3
1312,2024-01-23,1
1312,2025-05-06,1
1312,2026-09-30,1
1313,2024-02-15,3
1313,2024-04-12,1
1314,2024-01-29,3
1314,2024-03-22,3
1315,2024-01-29,3
1315,2024-02-27,1
1315,2025-09-15,1
1315,2025-12-09,1
1315,2026-03-25,1
1315,2026-09-18,1
1318,2024-02-20,3
1318,2026-01-05,1
1319,2024-02-20,3
1319,2024-06-18,1
1319,2025-01-18,1
1319,2025-07-07,1
1319,2025-09-11,1
1319,2026-02-05,1
1319,2026-05-21,1
1321,2025-02-24,2
1322,2024-04-17,3
1322,2024-06-07,1
1324,2024-03-07,3
1325,2024-03-07,1
1325,2024-04-22,1
1325,2024-09-18,1
1325,2025-03-05,1
1326,2024-03-07,1
1326,2024-03-14,3
1327,2024-03-21,3
1327,2024-03-22,1
1329,2024-04-02,1
1329,2024-04-03,3
1330,2024-04-03,1
1331,2024-04-04,1
1331,2024-04-09,3
1332,2024-04-24,3
1333,2024-04-11,1
1333,2024-04-12,3
1333,2026-01-20,1
1333,2026-05-19,1
1334,2024-04-19,1
1336,2024-04-22,1
1336,2024-04-22,3
1336,2024-06-17,1
1337,2024-04-25,1
1337,2024-05-02,3
1337,2024-06-18,1
1337,2024-08-08,1
1338,2024-04-29,2
1338,2024-05-10,1
1338,2024-08-23,1
1340,2024-05-20,2
1342,2024-07-04,2
1343,2024-05-31,3
1344,2024-05-30,3
1344,2024-12-02,1
1345,2024-05-31,0
1345,2024-05-31,2
1345,2024-06-04,3
1345,2024-06-27,1
1345,2024-12-02,1
1345,2025-02-23,3
1345,2025-04-08,1
1346,2024-12-04,1
1346,2025-08-12,3
1347,2024-06-05,2
1347,2024-07-17,1
1347,2026-06-26,1
1349,2024-06-06,2
1349,2024-06-20,1
1349,2024-08-01,1
1350,2024-06-27,2
1350,2024-07-03,3
1350,2024-07-29,1
1350,2024-08-20,1
1350,2024-10-01,1
1350,2024-10-21,1
1350,2024-11-06,1
1350,2025-03-10,1
1350,2025-04-02,1
1350,2025-04-29,1
1350,2026-01-27,1
1350,2026-04-28,1
1350,2026-05-15,1
1350,2026-06-19,1
1351,2024-06-21,2
1351,2024-06-21,3
1351,2024-08-01,1
1351,2024-10-17,1
1351,2024-12-04,1
1351,2025-01-31,1
1351,2025-10-23,1
1352,2024-06-21,2
1352,2024-06-21,3
1352,2025-05-22,1
1352,2025-10-28,1
1352,2026-01-12,3
1352,2026-01-21,3
1352,2026-02-04,3
1352,2026-02-23,3
1352,2026-03-18,3
1353,2024-06-25,2
1354,2024-07-01,2
1354,2024-08-01,3
1354,2024-09-17,1
1354,2024-12-06,1
1354,2025-01-04,1
1354,2025-06-13,1
1354,2025-10-23,1
1354,2025-11-25,1
1355,2024-07-02,2
1355,2024-07-03,3
1355,2024-09-12,1
1355,2024-11-14,1
1355,2025-03-13,3
1355,2026-01-19,0
1355,2026-01-19,3
1357,2024-07-02,2
1357,2024-07-03,3
1357,2026-01-19,3
1358,2024-07-15,2
1358,2024-07-17,3
1358,2024-07-29,1
1359,2024-07-16,2
1359,2024-07-26,3
1360,2024-07-17,2
1361,2024-07-22,3
1361,2024-08-21,3
1361,2024-10-17,1
1361,2024-12-16,1
1361,2025-06-17,1
1361,2025-09-17,1
1361,2025-12-03,1
1361,2025-12-30,1
1362,2024-07-22,2
1362,2024-08-05,3
1362,2025-01-28,1
1362,2025-09-26,1
1363,2024-07-31,2
1363,2024-10-11,1
1363,2024-12-07,1
1363,2025-06-30,1
1363,2025-09-24,1
1364,2024-08-07,2
1364,2024-08-21,3
1364,2024-09-12,1
1365,2024-08-07,2
1365,2024-08-08,1
1365,2024-09-15,3
1365,2025-03-15,3
1365,2026-03-23,1
1366,2024-08-08,1
1366,2024-08-08,2
1366,2025-10-08,1
1366,2025-11-21,1
1366,2025-11-24,1
1366,2025-12-12,1
1366,2026-02-04,1
1366,2026-02-25,1
1366,2026-03-19,1
1366,2026-05-11,1
1366,2026-05-18,1
1366,2026-06-18,1
1366,2026-06-25,1
1366,2026-08-11,1
1366,2026-08-26,1
1367,2024-09-01,3
1367,2024-09-02,3
1368,2024-09-01,3
1368,2025-04-18,1
1369,2024-09-03,2
1369,2024-09-05,3
1369,2024-10-28,1
1369,2026-05-27,1
1369,2026-07-30,1
1370,2024-09-12,3
1371,2024-09-17,3
1371,2025-05-05,1
1372,2024-09-19,3
1372,2024-09-30,1
1372,2024-10-17,1
1372,2024-11-04,1
1372,2024-12-16,1
1372,2025-02-23,1
1372,2025-08-25,3
1374,2024-09-19,2
1374,2024-09-26,3
1374,2024-09-30,1
1374,2024-12-06,3
1374,2026-01-05,1
1375,2024-09-24,2
1375,2024-10-04,3
1375,2025-05-19,3
1376,2024-09-26,3
1376,2024-10-24,1
1377,2024-10-03,2
1377,2024-10-04,3
1377,2025-05-12,3
1378,2024-10-12,2
1379,2024-10-15,2
1379,2024-10-16,3
1380,2024-10-16,2
1380,2024-10-21,3
1380,2025-02-04,1
1380,2025-07-14,1
1380,2025-12-09,1
1380,2026-01-14,1
1381,2024-10-28,2
1381,2024-10-28,3
1381,2026-05-26,1
1382,2024-10-31,2
1382,2024-11-01,3
1384,2024-11-04,2
1384,2025-07-03,1
1386,2024-11-12,2
1386,2024-11-14,3
1387,2024-11-20,2
1387,2024-11-22,3
1387,2026-05-29,1
1387,2026-08-19,3
1388,2024-11-27,3
1388,2024-12-03,1
1388,2025-07-01,1
1388,2025-08-25,1
1389,2024-12-20,2
1390,2025-01-11,2
1390,2025-01-15,3
1390,2025-03-14,3
1391,2025-01-15,2
1391,2025-01-17,3
1391,2025-05-23,1
1393,2025-01-21,2
1393,2025-01-28,3
1393,2025-03-04,1
1393,2025-09-29,1
1393,2025-10-23,1
1394,2025-01-24,2
1394,2025-03-10,3
1396,2025-01-29,2
1396,2025-05-16,3
1396,2026-07-31,1
1398,2025-02-18,2
1398,2025-02-18,3
1399,2025-03-03,3
1400,2025-03-10,2
1400,2025-03-13,3
1401,2025-03-03,2
1401,2025-03-10,3
1401,2025-05-01,1
1401,2025-07-22,1
1402,2025-03-03,2
1402,2025-07-03,1
1402,2025-09-01,1
1402,2025-10-01,1
1402,2025-10-30,1
1402,2026-01-09,1
1402,2026-05-28,1
1402,2026-06-11,1
1402,2026-07-06,1
1402,2026-08-11,1
1404,2025-03-05,2
1404,2025-03-13,3
1404,2025-04-17,1
1406,2025-03-06,2
1407,2025-03-09,2
1408,2025-03-09,2
1409,2025-03-13,3
1409,2025-07-07,1
1409,2025-08-01,1
1409,2025-09-11,1
1409,2025-11-20,1
1409,2026-02-05,1
1410,2025-03-13,0
1410,2025-03-13,2
1410,2025-03-14,1
1410,2025-03-17,3
1410,2025-03-24,1
1410,2025-06-24,1
1410,2025-07-01,1
1410,2025-07-11,1
1410,2025-08-01,1
1410,2025-08-13,1
1410,2025-08-28,1
1410,2025-09-26,1
1410,2025-12-02,1
1410,2026-03-18,1
1410,2026-05-13,1
1410,2026-06-09,1
1410,2026-06-25,1
1411,2025-03-15,0
1412,2025-03-15,0
1412,2025-03-15,2
1413,2025-03-20,0
1414,2025-03-20,0
1414,2025-03-20,2
1415,2025-03-23,2
1415,2025-03-24,3
1415,2025-06-09,1
1415,2026-05-22,1
1416,2025-03-28,0
1416,2025-03-28,2
1416,2026-01-06,3
1417,2025-05-12,3
1417,2025-08-28,1
1418,2025-04-10,2
1418,2025-04-10,3
1419,2025-04-14,0
1419,2025-04-14,2
1419,2025-04-17,3
1419,2025-11-11,3
1419,2026-01-19,3
1419,2026-06-17,1
1420,2025-04-24,0
1421,2025-04-24,0
1422,2025-04-24,0
1422,2025-05-09,3
1423,2025-05-04,0
1423,2025-05-04,2
1423,2025-05-05,1
1423,2025-06-27,1
1423,2025-08-29,1
1423,2025-12-17,1
1423,2026-04-30,1
1423,2026-06-11,1
1423,2026-07-02,1
1424,2025-05-04,0
1424,2025-06-24,1
1424,2026-04-30,1
1425,2025-05-04,0
1425,2025-05-05,1
1425,2026-02-05,1
1425,2026-10-06,1
1426,2025-05-05,0
1426,2025-05-09,3
1426,2025-05-11,1
1426,2026-06-11,3
1426,2026-08-21,1
1427,2025-05-08,0
1427,2025-05-08,2
1429,2025-05-14,2
1429,2025-05-28,3
1429,2025-09-16,1
1429,2025-10-09,1
1429,2025-11-20,1
1430,2025-05-16,2
1430,2025-05-19,3
1430,2025-10-28,1
1431,2025-05-16,0
1432,2025-05-16,2
1432,2025-05-16,3
1433,2025-05-20,2
1434,2025-05-24,2
1434,2025-08-20,3
1434,2026-02-24,1
1435,2025-05-28,0
1435,2025-05-29,1
1435,2025-06-27,1
1435,2025-10-28,1
1435,2026-03-18,1
1435,2026-09-23,1
1436,2025-06-05,0
1436,2025-06-05,2
1436,2025-08-13,1
1436,2025-09-04,1
1437,2025-06-09,2
1437,2025-06-11,3
1437,2025-12-16,1
1437,2026-07-28,1
1438,2025-06-21,0
1438,2025-06-21,2
1438,2025-07-02,3
1438,2025-07-23,1
1438,2025-09-10,1
1438,2025-11-03,1
1439,2025-06-23,0
1439,2025-06-23,2
1439,2025-06-24,3
1440,2025-07-19,0
1440,2025-07-19,2
1441,2025-07-20,0
1441,2025-07-20,2
1441,2025-07-21,3
1441,2025-09-08,1
1441,2026-03-27,3
1441,2026-04-30,1
1442,2025-07-30,0
1442,2025-07-30,2
1443,2025-08-09,0
1443,2025-08-09,2
1443,2025-09-10,3
1443,2025-10-24,1
1443,2026-05-13,1
1444,2025-08-19,0
1444,2025-08-19,2
1445,2025-08-19,0
1445,2025-08-19,2
1445,2025-08-20,3
1446,2025-08-21,0
1446,2025-08-21,2
1447,2025-09-03,0
1447,2025-09-03,3
1447,2025-09-04,1
1447,2025-09-26,1
1447,2025-10-13,1
1447,2025-10-28,1
1447,2025-11-18,1
1447,2026-02-17,1
1447,2026-05-19,1
1447,2026-05-22,1
1447,2026-06-15,1
1447,2026-09-23,1
1447,2026-10-06,1
1448,2025-09-05,0
1448,2025-09-05,3
1448,2025-09-08,1
1448,2025-09-16,1
1449,2025-09-10,0
1450,2025-09-10,0
1450,2025-09-10,2
1450,2025-09-11,3
1450,2025-10-15,1
1450,2026-01-14,1
1451,2025-09-23,0
1451,2025-09-23,2
1451,2025-10-13,1
1452,2025-09-23,0
1453,2025-09-23,2
1453,2026-01-02,1
1453,2026-02-09,1
1454,2025-09-26,0
1454,2025-09-26,2
1454,2025-10-13,3
1455,2025-10-06,0
1455,2025-10-06,3
1455,2025-10-10,3
1456,2025-10-14,0
1456,2025-10-14,2
1456,2025-10-15,3
1456,2026-02-03,3
1457,2025-10-15,0
1457,2025-10-15,2
1457,2025-10-17,3
1458,2025-10-15,0
1458,2025-10-15,2
1458,2025-10-17,3
1458,2026-01-14,3
1458,2026-01-19,3
1458,2026-02-16,3
1459,2025-10-15,0
1459,2025-10-15,2
1459,2025-10-17,3
1459,2026-01-16,3
1459,2026-02-16,3
1460,2025-10-16,0
1460,2025-10-28,3
1460,2025-11-24,1
1460,2026-01-02,1
1461,2025-10-27,0
1461,2025-10-27,2
1461,2025-10-30,3
1462,2025-10-30,0
1463,2025-11-08,0
1464,2025-11-10,0
1464,2025-11-10,2
1464,2026-06-18,3
1466,2025-11-17,0
1467,2025-11-17,0
1467,2025-11-17,2
1468,2025-11-20,0
1468,2025-11-24,1
1468,2025-12-12,1
1468,2026-01-16,1
1468,2026-01-29,1
1468,2026-03-19,1
1468,2026-05-27,1
1468,2026-06-25,1
1468,2026-09-22,1
1469,2025-11-20,0
1469,2025-11-20,2
1469,2025-11-21,1
1469,2025-12-30,1
1469,2026-02-25,1
1469,2026-05-11,1
1469,2026-05-18,1
1469,2026-08-26,1
1470,2025-11-20,0
1470,2025-11-20,2
1470,2025-11-21,1
1471,2025-11-27,0
1471,2025-11-27,2
1471,2025-12-02,3
1472,2025-12-05,0
1472,2025-12-05,2
1473,2025-12-17,0
1473,2026-06-12,1
1474,2025-12-17,0
1474,2025-12-17,2
1474,2025-12-19,3
1475,2025-12-22,0
1475,2025-12-22,2
1475,2026-01-09,3
1476,2025-12-30,0
1477,2025-12-30,0
1477,2025-12-31,1
1478,2026-01-09,0
1478,2026-01-19,3
1479,2026-01-09,0
1479,2026-01-09,2
1479,2026-01-12,3
1480,2026-01-10,0
1480,2026-01-10,2
1481,2026-01-12,0
1481,2026-01-21,3
1482,2026-01-12,0
1482,2026-01-16,3
1482,2026-02-10,1
1483,2026-01-22,0
1483,2026-01-22,2
1483,2026-01-28,3
1483,2026-01-30,3
1484,2026-01-22,0
1484,2026-01-22,2
1485,2026-01-22,0
1485,2026-01-22,2
1486,2026-02-04,0
1486,2026-02-11,3
1487,2026-03-18,0
1487,2026-03-18,2
1487,2026-03-27,3
1488,2026-03-20,2
1489,2026-03-20,0
1489,2026-03-20,2
1489,2026-03-22,3
1490,2026-03-23,0
1490,2026-03-23,2
1490,2026-05-06,3
1491,2026-03-28,0
1491,2026-03-28,2
1492,2026-03-31,0
1492,2026-04-13,3
1493,2026-03-31,0
1493,2026-03-31,2
1493,2026-04-23,3
1495,2026-04-02,0
1495,2026-04-02,2
1495,2026-04-22,3
1496,2026-04-24,0
1496,2026-04-24,2
1497,2026-04-29,0
1497,2026-04-29,2
1497,2026-05-18,3
1498,2026-05-04,0
1498,2026-05-04,2
1498,2026-05-06,3
1499,2026-05-10,0
1499,2026-05-10,2
1499,2026-05-13,3
1500,2026-05-12,0
1500,2026-05-12,2
1502,2026-05-13,0
1502,2026-05-13,2
1502,2026-05-14,3
1503,2026-05-15,2
1504,2026-05-20,0
1504,2026-05-20,3
1505,2026-05-29,0
1505,2026-05-29,2
1505,2026-05-30,3
1505,2026-06-19,1
1505,2026-08-28,1
1506,2026-06-03,0
1506,2026-06-03,3
1507,2026-06-03,0
1507,2026-06-03,3
1507,2026-06-08,3
1508,2026-06-04,0
1508,2026-06-04,2
1508,2026-06-08,3
1509,2026-06-13,3
1510,2026-06-15,0
1510,2026-06-18,3
1511,2026-06-17,0
1511,2026-06-17,3
1511,2026-06-18,3
1511,2026-08-27,1
1512,2026-07-01,0
1513,2026-07-01,0
1513,2026-07-01,2
1513,2026-07-02,3
1514,2026-07-01,0
1515,2026-07-01,0
1515,2026-07-01,2
1515,2026-07-02,3
1516,2026-07-12,0
1516,2026-08-26,1
1517,2026-07-14,0
1517,2026-07-14,2
1518,2026-08-05,0
1518,2026-08-05,2
1518,2026-08-07,3
1518,2026-08-19,1
1518,2026-09-15,1
1519,2026-08-06,3
1519,2026-08-18,1
1521,2026-08-10,0
1521,2026-08-10,2
1521,2026-08-23,1
1522,2026-08-10,0
1522,2026-08-10,2
1522,2026-08-11,1
1523,2026-08-13,0
1524,2026-08-13,0
1524,2026-08-13,2
1525,2026-08-19,0
1526,2026-08-19,0
1526,2026-08-24,3
1527,2026-08-21,0
1527,2026-08-21,2
1527,2026-08-26,3
1528,2026-08-25,0
1528,2026-08-25,2
1528,2026-08-27,3
1529,2026-08-27,0
1529,2026-08-27,2
1530,2026-09-10,0
1530,2026-09-10,2
1530,2026-09-12,3
1531,2026-09-16,0
1532,2026-09-16,0
1532,2026-09-16,2
1532,2026-09-23,3
1533,2026-09-22,0
1533,2026-09-22,2
1533,2026-09-23,1
1533,2026-10-06,1
1534,2026-09-28,0
1534,2026-09-28,2
1534,2026-09-29,3
